"id","updated_at","carbs","dietary_fiber","energy_kcal","energy_kj","fat","name","net_carbs","preparation_time_in_minutes","protein","saturated_fats","servings","sugar","total_fats","total_grams"
285,2024-10-18 06:15:14.273,60.445370000000004,0.0,346.2608,0.0,5.83831,Κρέμα βανίλια με σιμιγδάλι,0.0,10,12.7808,0.00051,5,47.83117,5.83831,176.91
190,2024-09-12 13:24:20.465,11.622375,1.4385624999999997,834.99125,0.0,70.45431249999999,Χοιρινή μπριζόλα με μέλι και μουστάρδα,0.0,70,35.82356250000001,0.014124999999999999,4,8.66045625,70.45431249999999,209.375
74,2024-09-04 06:39:43.165,94.63584999999999,2.9789499999999998,898.94525,0.0,43.3967,Φακόρυζο,0.0,25,31.617025,0.051500000000000004,4,2.6581824999999997,43.3967,291.075
17,2024-08-28 12:45:01.039,31.0791,7.649966666666667,525.7368333333334,0.0,32.262800000000006,Μουσακάς,0.0,60,19.926283333333334,0.295,6,14.932855000000002,32.262800000000006,512.0458333333332
16,2024-09-04 12:15:53.373,46.899699999999996,10.279900000000001,324.4355,0.0,13.889733333333334,Μπριάμ ,0.0,90,7.990216666666669,0.45199999999999996,3,11.052581666666669,13.889733333333334,561.9416666666667
286,2024-10-18 06:33:03.131,31.519891666666666,0.052908333333333335,157.80754166666665,0.0,0.9707,Ψωμί σπιτικό,0.0,120,5.131004166666667,0.008749999999999999,12,2.3434470833333334,0.9707,71.72083333333333
23,2024-08-28 13:28:20.209,8.414733333333333,4.1393,45.021833333333326,0.0,1.2578000000000003,Μελιτζανοσαλάτα,0.0,30,1.4930166666666667,0.13433333333333333,6,4.697955,1.2578000000000003,139.94583333333333
24,2024-08-28 13:35:58.064,32.258075,1.05,475.4228749999999,0.0,29.123075,Παστίτσιο,0.0,120,19.6176875,0.0125,8,17.75935,29.123075,212.159375
287,2024-10-18 06:41:57.016,27.793125000000003,3.790875,155.87812499999998,0.0,3.84675,Σκορδαλιά,0.0,30,3.4340625,0.15225,4,1.22420625,3.84675,170.8125
28,2024-08-29 06:54:00.208,48.758799999999994,2.2996000000000003,979.482,0.0,45.7216,Μοσχάρι γιουβέτσι,0.0,120,89.96820000000001,0.0,5,5.12546,45.7216,498.875
45,2024-08-29 14:01:50.299,6.214133333333334,0.8479333333333333,274.732,0.0,24.241100000000003,Σκουμπρί καπνιστό με θυμάρι και χυμό λεμονιού,0.0,20,8.2087,0.013333333333333334,3,4.61091,24.241100000000003,101.72500000000001
29,2024-08-29 06:58:08.663,37.329025,5.014175000000001,647.8453750000001,0.0,43.8583,Μοσχαρίσια μπιφτέκια με πατάτες στο φούρνο,0.0,60,24.7915375,0.2,4,1.62052375,43.8583,355.925
31,2024-08-29 08:20:45.408,21.376800000000003,2.3176,691.7986666666667,0.0,52.513933333333334,Γιουβαρλάκια,0.0,40,32.45036666666667,0.08766666666666667,3,3.2692433333333333,52.513933333333334,337.22499999999997
32,2024-08-29 08:24:30.746,40.1012,1.2049,492.5955,0.0,21.4084,Κεφτεδάκια φούρνου,0.0,45,34.937050000000006,0.05,2,2.363865,21.4084,281.8375
33,2024-08-29 10:17:43.722,29.35475,7.1217500000000005,179.37750000000003,0.0,5.6552500000000006,Μπάμιες λαδερές στην κατσαρόλα,0.0,30,5.4590000000000005,0.0445,4,10.718525,5.6552500000000006,434.9375
34,2024-08-29 10:21:28.061,3.2687,0.35490000000000005,730.6205,0.0,58.44840000000001,Ομελέτα,0.0,25,47.85705,0.0,2,2.751365,58.44840000000001,239.3375
38,2024-08-29 11:28:20.499,27.592499999999998,0.0,273.74666666666667,0.0,12.93,Τυρόπιτα,0.0,45,12.24,0.0,12,2.9758333333333327,12.93,122.39583333333333
39,2024-08-29 11:38:42.343,19.189133333333334,4.7199333333333335,221.5136666666667,0.0,12.922266666666665,Σαλάτα χωριάτικη,0.0,8,8.988033333333334,0.26933333333333337,3,10.189910000000003,12.922266666666665,435.76666666666665
40,2024-08-29 12:27:27.011,37.174274999999994,6.54525,378.69075,0.0,9.426275,Κοτόπουλο λεμονάτο με πατάτες στην κατσαρόλα,0.0,60,35.288000000000004,1.2307499999999998,4,4.504225,9.426275,366.11875
41,2024-08-29 13:38:37.883,110.29175000000001,6.58575,596.595,0.0,11.136750000000001,Φασόλια γίγαντες στο φούρνο,0.0,120,13.918250000000002,0.139,4,7.5958000000000006,11.136750000000001,392.6875
43,2024-08-29 13:48:21.181,7.959283333333333,0.26748333333333335,75.94508333333333,0.0,2.645566666666667,Κολοκυθόπιτα αλμυρή ,0.0,55,4.7855083333333335,0.020833333333333332,12,1.3000608333333334,2.645566666666667,54.38958333333333
47,2024-08-29 14:13:46.437,42.894666666666666,5.738333333333333,441.7249999999999,0.0,7.104166666666667,Ψαρόσουπα με ρύζι,0.0,90,50.515666666666654,0.23833333333333337,6,5.7431833333333335,7.104166666666667,516.8958333333334
290,2024-10-18 07:24:50.882,62.5335,19.043187500000005,559.433125,0.0,25.088187500000004,Τουρλού Λαχανικών στο φούρνο,0.0,85,17.91025,0.654125,2,27.8589,25.088187500000004,1003.9375
49,2024-08-30 07:10:13.932,115.56966666666669,3.544,895.4483333333333,0.0,8.317000000000002,Ρεβυθόσουπα,0.0,75,16.196166666666667,0.112,3,4.898033333333333,8.317000000000002,316.9583333333333
59,2024-08-30 11:51:43.152,50.73833333333332,1.6118333333333332,445.1166666666666,0.0,23.29116666666667,Κουκιά λαδερά με σάλτσα τομάτας,0.0,60,1.4133333333333333,0.0265,6,29.06886666666667,23.29116666666667,270.1458333333333
52,2024-08-30 10:32:29.203,154.5312,6.0949,1065.2105,0.0,14.3884,Μυδοπίλαφο με φρέσκια τομάτα,0.0,30,74.78454999999998,0.18,1,10.843865000000001,14.3884,829.525
291,2024-10-18 07:37:17.035,45.0335,8.6866875,694.3781250000001,0.0,43.67968750000001,Ψάρι με πράσο,0.0,60,6.2017500000000005,0.334625,2,11.76595,43.67968750000001,819.1875
54,2024-08-30 11:04:08.189,28.2375,2.0625,359.75,0.0,12.812500000000002,Τραχανάς γλυκός,0.0,20,4.7625,0.0,4,16.8625,12.812500000000002,175.0
55,2024-08-30 11:07:35.634,69.43645,9.959150000000001,799.93675,0.0,24.831400000000002,Τραχανάς ξινός,0.0,20,25.888675000000003,0.0,2,32.5002275,24.831400000000002,407.9625
57,2024-08-30 11:42:21.467,14.121749999999999,4.48725,595.05125,0.0,44.471000000000004,Καγιανάς (τομάτες με αυγά),0.0,10,36.780125000000005,0.0,2,8.9284125,44.471000000000004,497.8125
58,2024-09-05 10:54:54.624,99.33569999999999,3.5749,523.1864999999999,0.0,8.580400000000001,Χυλοπίτες με παρμεζάνα,0.0,20,19.067050000000002,0.0,1,4.6333649999999995,8.580400000000001,170.05
60,2024-08-30 12:24:19.204,32.645125,5.605875,728.4925,0.0,32.724624999999996,Μοσχάρι στιφάδο στη γάστρα,0.0,180,71.361125,0.025,8,15.4629,32.724624999999996,616.471875
42,2024-11-09 11:41:37.441,6.8406,2.01895,520.9415,0.0,22.224749999999997,Σαρδέλα στο φούρνο,0.0,35,39.97030000000001,0.0613,5,3.4832100000000006,22.224749999999997,331.75
63,2024-08-30 13:25:29.011,64.91352499999999,3.3369250000000004,356.682875,0.0,6.1175500000000005,Κριθαρότο λαχανικών,0.0,45,11.0332875,0.155125,4,8.486023750000001,6.1175500000000005,267.58125
65,2024-08-30 14:07:23.552,10.3323125,1.9274375000000001,526.3878125000001,0.0,42.912124999999996,Μπιφτέκια γεμιστά με φέτα,0.0,90,22.94690625,0.06,8,4.963978125,42.912124999999996,234.453125
68,2024-09-10 06:40:57.741,66.48442,6.0110149999999996,470.0105500000001,0.0,15.044115000000001,Μακαρόνια με μπρόκολο και καρύδια,0.0,30,17.74463,0.08505,5,4.208469000000001,15.044115000000001,195.865
67,2024-09-10 06:40:12.233,101.70622499999999,9.25266875,663.5055625,0.0,17.612168750000002,Κοτόπουλο αλα κρεμ με πέννες,0.0,30,18.637900000000002,0.017937500000000002,4,5.537120000000001,17.612168750000002,323.79375
66,2024-11-09 08:37:28.667,103.11963333333334,9.584225,468.3315833333334,0.0,2.0267250000000003,Μακαρόνια με κόκκινη σάλτσα,0.0,20,12.200116666666666,0.2014166666666667,3,44.256235,2.0267250000000003,327.80833333333334
76,2024-09-04 06:52:35.093,67.35685000000001,4.37495,343.01775000000004,0.0,4.209825,Σαλάτα με φακές και κινόα,0.0,60,9.160524999999998,0.11625,4,7.566307500000001,4.209825,258.79375
79,2024-09-04 07:24:11.805,33.0937,11.5799,230.6205,0.0,5.1234,Μανιτάρια στιφάδο,0.0,45,9.70705,0.0,2,10.526365,5.1234,492.15
77,2024-09-04 07:03:01.858,152.57070000000004,22.00210000000001,809.1805,0.0,9.351400000000002,Μακαρονοσαλάτα με λαχανικά,0.0,32,28.77705,0.558,1,38.285365,9.351400000000002,1000.4
78,2024-09-04 07:08:19.676,60.210350000000005,22.812199999999997,283.689,0.0,3.01795,Μελιτζάνες στο φούρνο,0.0,90,10.075025,0.78975,4,34.25193250000001,3.01795,940.0125
80,2024-09-04 07:30:53.241,10.61955,2.43885,223.13075000000003,0.0,16.751350000000002,Φασολάκια πράσινα σαλάτα,0.0,15,7.088075,0.0015,4,5.9982975,16.751350000000002,215.56875
132,2024-09-06 13:56:29.364,20.12474,0.07098000000000002,114.38110000000002,0.0,1.0156800000000001,Κρέπες με σοκολάτα,0.0,30,6.08941,0.0,5,1.8898729999999997,1.0156800000000001,78.53
203,2024-09-13 12:33:55.648,27.734749999999995,4.74434375,184.92156250000002,0.0,4.60584375,Σκορδόψωμο,0.0,10,8.509125000000001,0.3123125,4,3.0782000000000003,4.60584375,79.34375
210,2024-10-19 09:03:14.873,63.83056666666666,1.5609666666666666,460.79016666666666,0.0,17.572966666666666,Ελιόψωμο,0.0,70,10.541016666666668,0.01875,6,3.550305,17.572966666666666,138.17499999999998
82,2024-09-04 08:26:30.964,3.140177777777778,0.09035555555555558,22.94377777777778,0.0,0.8823555555555557,Ντολμαδάκια γιαλαντζί,0.0,60,0.5710444444444445,0.0022222222222222222,45,0.10020222222222222,0.8823555555555557,10.941666666666666
83,2024-09-04 08:42:34.317,4.765802222222222,0.23566000000000004,51.76692222222222,0.0,2.3240044444444443,Ντολμαδάκια με κιμά,0.0,60,2.945803333333333,0.009555555555555555,45,0.32509099999999996,2.3240044444444443,32.27388888888889
84,2024-09-04 08:48:19.778,6.410033333333335,1.0283000000000002,77.65476666666667,0.0,4.2201,Κολοκυθοκεφτέδες φούρνου,0.0,60,3.8904966666666665,0.060000000000000005,15,2.120041666666667,4.2201,86.80166666666668
85,2024-09-04 08:56:27.273,30.29525,4.72425,275.51,0.0,11.329250000000002,Φασολάκια πράσινα λαδερά,0.0,45,14.07225,0.135,4,7.7083,11.329250000000002,447.09375
86,2024-09-04 09:22:28.301,33.6,3.3000000000000003,725.5649999999999,0.0,64.16749999999999,Πατατοσαλάτα με λιαστή τομάτα,0.0,30,14.954999999999998,0.15,2,2.325,64.16749999999999,411.1875
167,2024-10-19 09:30:45.849,33.637299999999996,1.1902875000000002,505.10687499999995,0.0,34.790037500000004,Κοτόπουλο με πέστο και μοτσαρέλα.,0.0,20,12.637575000000002,4.626375,2,3.8646724999999997,34.790037500000004,277.8625
7,2024-09-04 12:15:53.375,83.1477,17.3879,569.6055,0.0,15.4514,Φάβα,0.0,35,17.70555,0.05,2,3.355915,15.4514,234.15
44,2024-09-04 12:15:53.378,17.626083333333337,5.822083333333333,719.8166666666666,0.0,40.85675,Σουπιές με σπανάκι,0.0,50,77.52991666666667,0.24983333333333332,6,4.045758333333333,40.85675,599.2291666666666
11,2024-09-04 12:15:53.380,45.90975,4.677250000000001,234.2025,0.0,1.47125,Σπανακόρυζο,0.0,45,12.359,0.20725000000000002,4,2.8625,1.47125,257.25
19,2024-09-04 12:15:53.385,47.971700000000006,7.7143999999999995,722.1755,0.0,14.608400000000003,Κοτόπουλο με πατάτες φούρνου,0.0,90,98.22305,0.3105,4,6.241365000000001,14.608400000000003,731.64375
20,2024-09-04 12:15:53.390,19.043116666666666,1.23915,211.95341666666664,0.0,11.018066666666668,Σπανακοτυρόπιτα,0.0,90,8.666175,0.03,12,5.381894166666666,11.018066666666668,112.08749999999999
22,2024-09-04 12:15:53.391,23.07626,2.200995,140.148775,0.0,2.675245,Γεμιστά,0.0,90,6.6349775,0.075,20,4.025618250000001,2.675245,192.07625000000002
27,2024-09-04 12:15:53.393,59.23173333333333,9.853466666666668,868.5176666666666,0.0,44.37113333333335,Μπακαλιάρος στη γάστρα με λαχανικά,0.0,120,61.93276666666665,0.426,3,13.326063333333332,44.37113333333335,774.7583333333333
46,2024-09-04 12:15:53.395,29.5760875,7.9856125,300.5275625,0.0,11.6273,Πιπεριές γεμιστές με τυριά,0.0,40,19.152006250000003,0.36250000000000004,4,21.428920625,11.6273,543.3
48,2024-09-04 12:15:53.398,26.540650000000007,6.787149999999999,331.8885,0.0,17.99165,Μελιτζάνες παπουτσάκια με κιμά,0.0,90,18.7344,0.2209,10,15.918399999999997,17.99165,467.5875
56,2024-09-04 12:15:53.399,51.285,0.5599999999999999,661.8499999999999,0.0,25.185000000000002,Ρυζόγαλο,0.0,30,2.2275,0.02,4,62.0,25.185000000000002,355.02500000000003
75,2024-09-04 12:15:53.404,58.897400000000005,2.0388,303.45975000000004,0.0,4.088550000000001,Φακές σούπα,0.0,60,7.197224999999999,0.027250000000000003,4,1.3815925000000002,4.088550000000001,132.51875
250,2024-10-24 08:23:39.561,37.06288333333333,1.6803000000000001,567.3395,0.0,31.00975,Pancakes με τυρί cottage και βρώμη,0.0,30,36.57368333333333,0.0002833333333333,3,23.917438333333337,31.00975,227.5
81,2024-09-04 12:15:53.405,50.140362499999995,2.93075,558.8821250000001,0.0,31.4541125,Πρασοτυρόπιτα,0.0,1,19.548250000000003,0.0675,8,8.4886625,31.4541125,305.4875
93,2024-09-05 10:58:31.727,2.9766333333333335,0.8289333333333332,252.73866666666666,0.0,10.54026666666667,Σαρδέλα με μουστάρδα,0.0,10,16.436366666666668,0.013333333333333334,6,0.6217433333333333,10.54026666666667,143.1625
91,2024-09-04 13:22:27.826,55.06785,8.5847,548.4252499999998,0.0,21.985450000000004,Μπακαλιάρος φιλέτο με πατάτες στο φούρνο,0.0,90,35.97002499999999,0.36025000000000007,4,6.5694325,21.985450000000004,560.91875
92,2024-09-05 06:40:46.210,17.782400000000003,3.4238,249.99099999999999,0.0,10.329800000000002,Σολομός στο φούρνο με φασολάκια και λεμονάτη σάλτσα,0.0,30,20.5491,0.05,2,3.47773,10.329800000000002,376.675
94,2024-09-05 07:32:54.162,93.34085,10.386825,609.54275,0.0,10.1567,Πέννες με σολομό και μπρόκολο,0.0,10,29.894524999999998,0.051500000000000004,4,4.6681825,10.1567,346.54375
97,2024-09-05 10:55:48.939,48.385000000000005,15.502,544.12,0.0,30.919999999999998,Τορτίγια με αβοκάντο και τόνο,0.0,10,26.865,3.5425000000000004,1,12.870000000000001,30.919999999999998,562.0
95,2024-09-05 10:56:06.232,28.908466666666666,1.8655166666666665,379.622,0.0,22.144933333333327,Τόνος τηγανιά,0.0,20,14.485866666666668,0.06933333333333334,3,4.687576666666667,22.144933333333327,229.3083333333333
98,2024-09-05 10:53:56.394,84.97384999999998,10.62345,647.50025,0.0,26.5902,Μακαρόνια ολικής με σάλτσα αβοκάντο,0.0,20,19.760525,1.8251500000000003,2,4.8586825000000005,26.5902,258.0125
62,2024-09-05 10:55:11.674,43.65825000000001,8.34275,885.5712500000001,0.0,57.62749999999998,Χοιρινό στο φούρνο με πορτοκάλι,0.0,120,42.591625,0.34750000000000003,4,13.8479125,57.62749999999998,573.36875
53,2024-09-05 10:56:37.360,41.10511111111111,1.0001111111111112,500.9933333333333,0.0,25.36166666666667,Σουτζουκάκια σμυρναίικα φούρνου με ρύζι,0.0,90,26.76488888888889,0.0006666666666667,9,4.022222222222222,25.36166666666667,195.81944444444446
64,2024-09-05 10:57:10.944,189.03625,1.9549999999999998,1331.855,0.0,70.98325,Ριζότο λαχανικών με θαλασσινά ,0.0,45,75.81400000000001,0.072875,4,76.74975,70.98325,511.0
90,2024-09-05 10:57:35.337,82.8658,3.8382666666666663,508.0136666666667,0.0,4.162266666666667,Ρύζι με σάλτσα τόνου,0.0,30,33.64803333333333,0.24,3,6.859243333333333,4.162266666666667,359.6583333333333
99,2024-09-05 12:33:12.373,56.541050000000006,14.549849999999998,387.11075,0.0,17.438100000000002,Πατατοσαλάτα με καρότο και αβοκάντο,0.0,60,7.3915750000000005,2.1255,2,7.9055475,17.438100000000002,446.6625
101,2024-09-05 12:54:10.607,2.6683333333333334,0.9860000000000001,592.5091666666667,0.0,51.637166666666666,Μπριζόλες στο φούρνο με μαρινάδα,0.0,80,25.543250000000004,0.013833333333333335,6,0.48727500000000007,51.637166666666666,170.79166666666666
100,2024-10-24 07:49:21.800,3.31245,2.21415,99.62841666666667,0.0,7.294733333333332,Άλειμμα με γιαούρτι και αβοκάντο,0.0,15,0.7303416666666668,0.6041666666666667,6,3.613560833333333,7.294733333333332,72.52499999999999
102,2024-09-05 13:00:19.561,11.7748,2.492,680.8019999999999,0.0,36.97240000000001,Μοσχάρι με φασολάκια στη χύτρα,0.0,60,74.38220000000001,0.0336,5,4.04664,36.97240000000001,467.275
103,2024-09-05 13:02:57.715,4.794933333333333,0.6132000000000001,181.984,0.0,7.817866666666667,Ομελέτα με λουκάνικα κοκτέιλ και φέτα,0.0,15,22.0594,0.0,3,2.4018200000000003,7.817866666666667,208.65833333333333
104,2024-09-05 13:09:18.494,41.87,13.451999999999998,848.6474999999999,0.0,53.541500000000006,Μελιτζάνες με λουκάνικα και φέτα στο τηγάνι,0.0,45,48.617749999999994,0.3035,2,23.184875,53.541500000000006,900.4375
105,2024-09-05 13:13:36.791,68.7,1.6500000000000001,342.9,0.0,2.74,Ρύζι με φρέσκα μανιτάρια,0.0,20,9.6,0.0,4,0.81,2.74,140.34375
106,2024-09-05 13:18:55.486,80.53434999999999,9.26245,392.66024999999996,0.0,3.4192000000000005,Ρύζι με μπρόκολο,0.0,25,15.181024999999998,0.29,2,5.2756825,3.4192000000000005,381.825
107,2024-09-05 13:27:22.747,51.041566666666654,2.2662999999999998,256.81683333333336,0.0,2.8944666666666667,Ρύζι με λαχανικά,0.0,30,7.18835,0.11376666666666668,3,3.707121666666666,2.8944666666666667,185.67499999999998
108,2024-09-05 13:54:57.286,30.5733,1.3226000000000002,239.997,0.0,5.8946,Πίτσα στο ταψί,0.0,30,11.2442,0.01675,10,7.874910000000002,5.8946,172.7
109,2024-09-05 14:09:25.859,56.37680000000002,1.2709,459.19899999999996,0.0,19.690400000000004,Νηστίσιμη - vegan πίτσα,0.0,60,12.747399999999999,0.0106,10,3.2440200000000003,19.690400000000004,152.3875
216,2024-09-17 12:04:22.506,79.098,3.816791666666667,878.3570833333333,0.0,40.44045833333333,Ρολό κοτόπουλο με πατάτες στο φούρνο,0.0,140,53.626666666666665,0.12808333333333333,3,3.8524499999999997,40.44045833333333,481.2916666666667
244,2024-09-19 11:57:14.952,25.47425,1.7993150000000004,141.78199999999998,0.0,3.184705,Μάφιν βρώμης,0.0,30,3.5129449999999998,0.024085,10,13.804640000000001,3.184705,82.98
110,2024-09-06 07:11:02.733,123.38869999999999,8.174900000000001,1338.8555000000001,0.0,67.7249,Νηστίσιμο - vegan γιουβέτσι με λαχανικά,0.0,35,52.522549999999995,0.18700000000000003,2,13.343365,67.7249,706.3375
111,2024-09-06 07:17:52.628,52.35,1.95,231.35,0.0,0.7500000000000001,Νηστίσιμο - vegan σοκολατένιο γλυκό,0.0,10,4.8,0.05,5,8.25,0.7500000000000001,150.28
112,2024-09-06 07:21:05.132,94.85000000000001,3.837125,478.405,0.0,3.1865,Νηστίσιμη - vegan καρμπονάρα,0.0,30,15.66475,0.00125,4,3.79425,3.1865,133.71875
113,2024-09-06 07:27:00.266,93.36437500000001,4.175,789.3675,0.0,31.6575,Καρμπονάρα,0.0,20,30.429375000000004,0.025,4,5.699375000000001,31.6575,323.96875
114,2024-09-06 07:32:25.904,5.770100000000001,2.25245,330.74150000000003,0.0,18.836699999999997,Μοσχαρίσιο φιλέτο με σάλτσα μανιταριών,0.0,35,34.653650000000006,0.0,4,0.9764325000000001,18.836699999999997,242.29375
115,2024-09-06 07:39:46.258,37.99546666666667,4.269308333333333,361.50616666666673,0.0,14.690100000000001,Σουφλέ σπανάκι,0.0,75,21.848116666666666,0.18383333333333332,6,2.8644099999999995,14.690100000000001,324.05833333333334
116,2024-09-06 07:45:52.668,16.94815,6.421925000000001,216.13100000000003,0.0,8.857550000000002,Φιλέτο σολομού με λαδολέμονο,0.0,45,15.155850000000001,0.02075,4,1.2427300000000001,8.857550000000002,187.26875
118,2024-09-06 08:03:26.346,30.065916666666666,6.674333333333333,740.1165833333333,0.0,55.43291666666667,Κολοκύθια γεμιστά με κιμά,0.0,90,30.75321666666666,0.5433333333333333,6,17.954016666666664,55.43291666666667,741.7750000000001
119,2024-09-06 08:11:11.867,12.660625,3.8275,336.91999999999996,0.0,22.9675,"Φριτάτα με σπανάκι, τυριά και μανιτάρια",0.0,45,21.794375,0.0775,4,4.220625,22.9675,332.96875
120,2024-09-06 08:15:32.932,73.97534999999999,1.9724500000000003,529.1102500000001,0.0,5.502700000000001,Μυδοπίλαφο,0.0,30,41.694025,0.08165,2,3.5736825,5.502700000000001,365.2
121,2024-09-06 08:24:06.115,47.0479375,4.377125,582.1754999999999,0.0,24.8275625,Σουφλέ ζυμαρικών,0.0,40,40.20001250000001,0.000125,8,5.140499999999999,24.8275625,278.5375
254,2024-10-03 10:36:48.923,10.793700000000001,2.6049,76.12049999999999,0.0,3.3484000000000003,Σαλάτα με αγγούρι και τομάτα,0.0,5,2.40705,0.1875,1,5.8013650000000005,3.3484000000000003,289.15
123,2024-09-06 08:33:13.165,39.103375,6.343625,204.10062499999998,0.0,4.023000000000001,Κρεμμυδόσουπα βελουτέ,0.0,40,4.3650625000000005,0.3125,4,9.32670625,4.023000000000001,334.90625
124,2024-09-06 08:40:56.622,40.678425000000004,9.346224999999999,182.367625,0.0,1.3646,Καροτόσουπα βελουτέ,0.0,60,4.163012500000001,0.36,4,13.86409125,1.3646,367.50625
139,2024-09-07 09:12:04.641,40.3212,1.0970875,662.396125,0.0,45.046087500000006,Κοτόπουλο με λιαστή τομάτα και φέτα,0.0,35,20.951050000000002,0.029625,2,6.642989999999999,45.046087500000006,497.3375
125,2024-09-06 10:08:53.743,21.796925,7.03655,138.8245,0.0,5.207600000000001,Ψητά λαχανικά με βαλσάμικο,0.0,35,3.928075,0.325,4,15.1140475,5.207600000000001,360.69375
126,2024-09-06 10:15:14.311,33.888349999999996,4.12895,682.84525,0.0,29.39295,Κρεατόσουπα με μοσχάρι,0.0,130,70.863275,0.174,4,4.4356825,29.39295,444.91875
128,2024-09-06 13:15:39.013,3.6818571428571425,0.2898571428571429,271.3307142857143,0.0,14.019571428571426,Μπιφτέκια κοτόπουλο,0.0,30,32.11685714285714,5.157571428571429,7,0.9791428571428572,14.019571428571426,205.58928571428572
129,2024-09-06 13:23:51.635,39.911849999999994,2.87745,385.55525,0.0,19.4587,Κοτόπουλο γεμιστό,0.0,100,11.261525000000002,0.08625,2,9.975682500000001,19.4587,351.5125
130,2024-09-06 13:33:27.594,43.894133333333336,6.958266666666667,253.11366666666666,0.0,5.615600000000001,Μακαρόνια με πέστο,0.0,20,8.733033333333333,0.5466666666666666,3,1.7075766666666665,5.615600000000001,181.225
131,2024-09-06 13:52:14.534,59.459999999999994,7.62,1074.0,0.0,67.74,Σουφλέ πατάτας,0.0,45,57.54,0.36,5,5.7,67.74,630.0
133,2024-09-06 14:03:45.408,39.831,0.0,201.767,0.0,0.7659999999999999,Κρέμα καραμελέ,0.0,20,8.865,0.0,5,39.6,0.7659999999999999,168.17000000000002
134,2024-09-06 14:09:45.796,57.06166666666667,0.3733333333333333,449.0641666666666,0.0,19.07833333333333,Τάρτα λεμονιού,0.0,15,12.607500000000002,0.013333333333333334,6,20.8,19.07833333333333,191.66666666666666
135,2024-09-07 08:07:48.214,2.7549900000000003,0.0,145.68220000000002,0.0,9.86369,Τυροκροκέτες,0.0,30,11.1394,0.0,10,0.70602,9.86369,69.4275
136,2024-09-07 08:13:18.392,137.29264999999998,2.1700500000000003,1699.301,0.0,93.12304999999999,Χταπόδι με κοφτό μακαρονάκι,0.0,85,65.34635,0.0765,4,8.97898,93.12304999999999,734.64375
137,2024-09-07 08:27:21.321,8.0235,0.99,268.86199999999997,0.0,25.461000000000002,Πατατοκροκέτες,0.0,15,2.066,0.045,10,0.3725,25.461000000000002,84.2375
159,2024-09-11 07:04:54.974,73.46900000000001,5.728583333333334,501.925,0.0,13.689750000000002,Σπετσοφάι με φασόλια γίγαντες,0.0,100,21.288249999999994,0.17433333333333334,3,7.040275000000001,13.689750000000002,324.5
138,2024-09-07 09:02:18.892,11.259749999999999,2.4514375,440.453125,0.0,14.0779375,Πικάντικες φτερούγες κοτόπουλο,0.0,60,59.900499999999994,0.068125,4,3.646625,14.0779375,359.6875
140,2024-09-07 09:53:53.455,35.3518,13.22494375,221.9498125,0.0,5.64319375,Ρολάκια μελιτζάνας με φέτα,0.0,50,12.93695,0.35706249999999995,4,21.031722500000004,5.64319375,675.44375
141,2024-09-07 10:22:05.810,124.84019999999998,12.1510875,706.283625,0.0,18.6950875,Σαλάτα με κινόα και παντζάρι,0.0,30,15.840799999999998,1.8546250000000002,2,44.601490000000005,18.6950875,456.5875
217,2024-09-17 12:47:46.323,19.860000000000003,0.208125,180.81708333333333,0.0,8.818458333333334,Σπιτικά σνίτσελ κοτόπουλο,0.0,20,5.121,0.006416666666666665,6,1.4394166666666666,8.818458333333334,115.625
96,2024-09-10 06:38:29.216,41.446,5.828,615.88,0.0,35.37,Καπνιστός σολομός με τυρί cottage σε ψωμί,0.0,5,36.602000000000004,0.37,1,16.604,35.37,258.0
122,2024-09-10 06:45:30.635,16.39905,5.1315375,341.46512499999994,0.0,18.1835375,Σπετσοφάι,0.0,10,23.284200000000002,0.190875,2,8.07606,18.1835375,394.2875
143,2024-09-10 07:31:52.014,3.4951375000000002,0.5053843750000001,339.30284374999997,0.0,29.481321875000003,Κεμπάπ,0.0,60,13.671143750000002,0.01990625,8,0.7814181250000002,29.481321875000003,119.540625
144,2024-09-10 07:38:51.904,46.1668,0.8446,388.22249999999997,0.0,15.540600000000001,Τυρόψωμο ολικής με ελιές και ρίγανη,0.0,60,14.8887,0.010499999999999999,10,1.45791,15.540600000000001,130.125
145,2024-09-10 07:59:57.703,13.629444444444445,0.48777777777777775,134.4716666666667,0.0,6.627222222222222,Κρεμμυδόπιτα,0.0,60,4.948888888888889,0.03361111111111111,18,2.3499999999999996,6.627222222222222,70.41666666666667
146,2024-09-10 08:08:04.637,83.05426666666666,7.230241666666667,496.26525,0.0,10.263241666666667,Σπιτικά νιόκι με σάλτσα τομάτας,0.0,40,19.2814,0.2535833333333333,3,9.33507,10.263241666666667,485.575
147,2024-09-10 08:28:36.928,42.562625,3.8569687500000005,321.94281249999995,0.0,13.279718749999999,Κοτόπουλο με μαρινάδα γιαουρτιού,0.0,90,5.489375000000001,0.1549375,4,8.9989375,13.279718749999999,353.46875
148,2024-09-10 08:44:55.848,51.73484999999999,0.8696375000000001,763.590875,0.0,45.336887499999996,Τορτελίνια με κρέμα γάλακτος,0.0,25,33.954525000000004,0.039624999999999994,2,5.108807499999999,45.336887499999996,326.0125
149,2024-09-10 09:01:57.210,67.15651666666668,1.2877416666666666,996.6556666666667,0.0,40.771825,Γιουβέτσι κοτόπουλο,0.0,90,87.09569166666665,0.05691666666666667,6,5.210099166666667,40.771825,491.8166666666666
255,2024-10-03 10:58:51.452,68.6,2.5249999999999995,591.25,0.0,20.974999999999998,"Φυσικός χυμός με μήλο, αχλάδι, γάλα αμυγδάλου και πρωτεϊνη",0.0,5,32.6,0.6749999999999999,1,9.450000000000001,20.974999999999998,205.0
150,2024-09-10 09:08:36.975,28.35396666666666,2.5068916666666667,296.22408333333334,0.0,11.469058333333335,Κεφτεδάκια με σάλτσα τομάτας,0.0,50,18.8002,0.03191666666666667,6,4.1181600000000005,11.469058333333335,223.625
151,2024-09-10 09:18:55.950,19.00314,1.116155,142.62284999999997,0.0,3.7418549999999997,Σουφλέ με κολοκύθια,0.0,60,8.16571,0.08115,10,4.410723,3.7418549999999997,155.405
152,2024-09-10 09:28:25.414,39.12550000000001,4.764375,586.4812499999999,0.0,38.215375,Πατάτες ογκρατέν,0.0,30,21.305,0.21925,1,3.5322500000000003,38.215375,465.875
153,2024-09-10 10:02:44.553,33.100725,4.124168750000001,198.60118749999998,0.0,6.00804375,Σούπα βελουτέ με πράσο και πατάτα,0.0,40,4.0130875,0.1923125,4,3.34717625,6.00804375,267.48125
256,2024-10-03 11:10:12.105,36.05780000000001,4.898058333333334,175.78074999999998,0.0,2.2040583333333337,Πατάτες φούρνου σαν τηγανητές,0.0,80,4.232366666666667,0.21141666666666667,3,1.6169933333333333,2.2040583333333337,210.0583333333333
154,2024-09-10 10:09:58.542,40.076699999999995,4.969691666666667,509.72425000000004,0.0,16.829525,Πιπεριές χρωματιστές γεμιστές με τόνο και κινόα,0.0,60,50.34505000000001,0.16175,3,17.153448333333333,16.829525,340.10833333333335
155,2024-09-10 10:38:41.730,33.337125,15.005031250000002,523.7353125,0.0,28.91634375,Σουφλέ με σολομό,0.0,35,17.317375000000002,0.004812499999999999,4,4.0703125,28.91634375,269.78125
156,2024-09-10 12:33:37.588,12.644,3.0524583333333335,561.43125,0.0,28.326625000000003,Κοτόπουλο με τομάτα,0.0,50,51.34658333333332,0.09525,3,4.922525,28.326625000000003,431.8333333333333
157,2024-09-10 13:15:06.829,103.76300000000002,7.302458333333333,759.2354166666665,0.0,4.117791666666666,Ρεβύθια με σπανάκι,0.0,90,17.705499999999997,0.30641666666666667,3,7.330933333333334,4.117791666666666,455.625
160,2024-09-11 07:09:56.801,27.977125000000004,7.2233125,486.92474999999996,0.0,12.152687499999999,"Τηγανιά κοτόπουλο με σάλτσα κρασιού, μανιτάρια και πιπεριές",0.0,45,63.68933749999999,0.142125,4,10.62083125,12.152687499999999,544.275
166,2024-09-12 09:01:03.536,42.931050000000006,1.8975374999999999,514.7263750000001,0.0,24.080287500000004,Γαρίδες με σκόρδο και λεμόνι,0.0,10,31.551575000000003,0.052625000000000005,2,6.2861725,24.080287500000004,314.4125
162,2024-09-11 07:26:58.894,59.241200000000006,9.8924,520.0205000000001,0.0,24.8909,Σαλάτα με μοτσαρέλα και αβοκάντο,0.0,10,19.175050000000002,5.635000000000001,2,25.903865,24.8909,342.65
163,2024-09-11 07:40:37.609,13.467799999999999,4.266725,87.21075,0.0,2.990725,Κολοκύθια τηγανητά με σάλτσα,0.0,25,4.430366666666667,0.27508333333333335,3,9.290326666666667,2.990725,378.55833333333334
164,2024-09-11 07:43:58.017,28.80113333333334,13.600058333333335,141.87741666666668,0.0,2.990725,Μελιτζάνες τηγανητές με σάλτσα,0.0,25,5.230366666666667,0.40841666666666665,3,16.623660000000005,2.990725,511.55833333333334
165,2024-09-11 07:49:16.155,26.201133333333335,8.950058333333335,150.37741666666668,0.0,3.240725,Τηγανητές πιπεριές με σάλτσα,0.0,25,4.730366666666667,0.35841666666666666,3,17.32366,3.240725,461.89166666666665
224,2024-09-18 11:10:48.423,61.1377,3.3199,499.67650000000003,0.0,23.1724,Σαλάτα του Καίσαρα,0.0,30,8.30055,0.0,1,17.331364999999998,23.1724,355.54999999999995
168,2024-09-11 09:46:42.364,41.96345,8.274337500000001,990.9961249999999,0.0,73.1388375,Μακαρόνια με σάλτσα μανιταριών,0.0,30,44.31930000000001,0.238875,2,5.101239999999999,73.1388375,441.5875
169,2024-09-11 10:49:53.185,27.858700000000002,13.504900000000003,265.6705,0.0,16.788400000000003,"Σαλάτα με σπανάκι, αβοκάντο και ντοματίνια",0.0,15,9.36705,2.0875,2,8.741365,16.788400000000003,453.65
170,2024-09-11 12:20:08.573,74.75108,0.276635,520.46845,0.0,6.488935000000001,Λιγκουίνι με σως σκόρδου και μύδια,0.0,30,30.88302,0.00565,5,4.529496000000001,6.488935000000001,289.235
171,2024-09-11 12:25:39.871,16.535375,5.02621875,104.3028125,0.0,3.32646875,Μανιταρόσουπα,0.0,60,4.232875,0.07543749999999999,8,2.5844500000000004,3.32646875,179.84375
225,2024-09-18 12:03:26.471,2.5506875,0.523859375,202.12921875,0.0,11.650921875000002,Τζατζίκι,0.0,10,0.57390625,0.04890625,8,12.781884375000002,11.650921875000002,191.515625
172,2024-09-12 06:53:52.187,41.546,9.859593750000004,265.7996875,0.0,8.357218750000001,Σαλάτα με ψητά λαχανικά και ταλαγάνι,0.0,45,9.4308125,0.46368750000000003,4,20.046893750000002,8.357218750000001,427.15625
257,2024-10-03 11:21:32.550,3.278,1.317,339.31,0.0,22.978,Πίτσα Πρωτεϊνης,0.0,40,28.377999999999997,0.0,1,1.947,22.978,223.0
174,2024-09-12 07:18:56.012,81.48280000000001,8.939599999999999,808.982,0.0,39.670600000000015,Φακές με λουκάνικο,0.0,40,32.5362,0.096,1,12.020460000000002,39.670600000000015,378.6
176,2024-09-12 07:42:36.535,74.54105714285713,5.836882142857143,557.3646071428572,0.0,18.68316785714286,Παστίτσιο με σπανάκι,0.0,40,24.158157142857142,0.16703571428571426,7,10.799282857142856,18.68316785714286,417.02500000000003
178,2024-09-12 08:26:52.448,25.782374999999995,4.68821875,981.3299375,0.0,77.98784375000001,Μπριζόλες με σάλτσα μανιταριών,0.0,60,42.43191250000001,0.0298125,4,4.18126875,77.98784375000001,426.83125
180,2024-09-12 08:54:15.932,15.44735,3.891825,168.78649999999996,0.0,3.094575,Τσιπούρα με τομάτα και κρεμμύδι στο φούρνο,0.0,40,21.484025000000003,0.16275,2,7.3489325,3.094575,349.2
189,2024-09-12 10:22:18.470,61.9372,3.6744000000000003,450.7004999999999,0.0,16.150650000000002,Σαλάτα με ρύζι και κοτόπουλο ,0.0,25,10.90255,0.195,2,8.931365,16.150650000000002,322.4
158,2024-09-12 09:01:32.655,49.7537,5.648591666666667,914.2084166666667,0.0,58.826191666666666,Μπάμιες με γαρίδες κοκκινιστές στην κατσαρόλα ,0.0,60,43.98396666666667,0.04175,3,12.627206666666668,58.826191666666666,628.8583333333333
182,2024-09-12 09:16:56.828,3.3249000000000013,1.126425,155.64058333333332,0.0,3.1812583333333335,Λαβράκι στο φούρνο,0.0,30,29.56835,0.03808333333333334,3,0.683205,3.1812583333333335,192.17499999999998
183,2024-09-12 09:20:48.608,37.95955,1.8237249999999998,565.678875,0.0,25.4831,Πίτα χωριάτικη,0.0,40,45.69738749999999,0.0858125,8,14.457091250000001,25.4831,487.725
184,2024-09-12 09:41:34.055,47.38870000000001,6.4549,431.6205,0.0,18.2734,Σαλάτα με φαγόπυρο και ψητά θαλασσινά,0.0,20,18.617050000000003,0.049,2,5.716365000000001,18.2734,216.4
186,2024-09-12 09:48:33.005,15.15535,2.2880499999999997,75.66024999999999,0.0,1.6717000000000002,Σαλάτα ρόκα με αχλάδι,0.0,5,0.871025,0.0925,2,14.3841825,1.6717000000000002,115.825
187,2024-09-12 09:51:45.479,16.760299999999997,2.794896875,530.8615312499999,0.0,36.759646874999994,Χοιρινό με πράσο,0.0,60,32.75401249999999,0.11990625,8,5.100747500000001,36.759646874999994,258.72187499999995
185,2024-11-09 08:04:12.249,21.114675000000002,1.023725,378.955125,0.0,12.7346,Θαλασσινή σαλάτα,0.0,70,42.803012499999994,0.02,4,3.37534125,12.7346,423.4125
191,2024-09-12 13:35:01.901,33.68572499999999,7.81429375,252.1968125,0.0,7.541168749999999,Πέννες με σολομό,0.0,25,13.236025000000001,0.2549375,4,2.22587,7.541168749999999,258.66875
192,2024-09-12 13:44:01.704,13.202128571428574,1.2831696428571429,131.39594642857145,0.0,6.22794107142857,Τηγανίτες πατάτας,0.0,45,5.749357142857143,0.05851785714285714,14,0.6627607142857144,6.22794107142857,87.51964285714284
193,2024-09-13 06:49:32.523,16.626433333333335,0.2016,283.2749333333333,0.0,23.230819999999998,Τηγανίτες γιαουρτιού με μέλι και κανέλα,0.0,45,1.3957799999999998,0.004708,15,10.997433333333333,23.230819999999998,56.76
194,2024-09-13 06:54:10.847,27.022935714285715,0.10207678571428572,267.1548392857143,0.0,14.001826785714286,Τηγανίτες γεμιστές με φέτα,0.0,40,7.584939285714286,0.0013749999999999997,14,2.0169532142857145,14.001826785714286,85.4875
202,2024-09-13 12:30:39.649,31.220366666666667,4.983358333333334,471.6909166666667,0.0,22.754525000000005,Γαύρος στο φούρνο με λαχανικά,0.0,60,34.953050000000005,0.15675,3,3.8597816666666667,22.754525000000005,432.94166666666666
195,2024-09-13 07:00:36.048,20.42835,2.6350437500000004,205.9830625,0.0,6.505543749999999,Ριζότο θαλασσινών,0.0,60,11.440275000000003,0.06381250000000001,4,4.202745,6.505543749999999,256.46875
197,2024-09-13 08:10:05.611,45.45570000000001,6.0219000000000005,307.46549999999996,0.0,7.880400000000001,Σαλάτα ντάκος,0.0,5,13.063049999999999,0.0075,1,8.389365,7.880400000000001,267.15
198,2024-09-13 08:18:52.229,45.907599999999995,11.822075,239.12425,0.0,4.832275000000001,Σαλάτα ταμπουλέ,0.0,30,7.82,0.19285000000000002,5,2.82947,4.832275000000001,180.575
199,2024-09-13 08:57:50.936,27.4197,2.539275,153.18474999999998,0.0,4.189775000000001,Σαλάτα με ρόκα και παρμεζάνα,0.0,5,3.22905,0.08574999999999999,1,20.475615,4.189775000000001,194.225
200,2024-09-13 09:06:53.323,20.264666666666667,5.715395833333335,216.0702083333333,0.0,10.930895833333333,Σούπα μπρόκολο με τυρί τσένταρ,0.0,60,12.480833333333331,0.2349583333333333,6,4.673041666666666,10.930895833333333,273.8125
201,2024-09-13 09:09:55.064,46.446566666666676,6.190800000000002,305.2085,0.0,4.319966666666667,Σολομός πλακί,0.0,90,20.86135,0.27599999999999997,3,4.1064549999999995,4.319966666666667,415.7166666666667
204,2024-09-13 13:47:10.384,77.89975,0.5918187500000001,589.9714375000001,0.0,0.8658937500000001,Φαλάφελ στο φούρνο,0.0,60,11.115762500000002,0.006812499999999999,4,1.16100375,0.8658937500000001,144.58124999999998
205,2024-09-13 13:52:47.629,25.857500000000005,3.1221875,319.62312499999996,0.0,12.4626875,Τοστ με αυγόφετες στο φούρνο,0.0,15,23.793999999999997,0.009624999999999998,2,3.4741250000000004,12.4626875,183.4375
206,2024-09-14 07:14:39.313,63.825250000000004,11.58034375,712.4615625,0.0,30.58534375,Σουφλέ με σπανάκι και ψωμί του τοστ,0.0,60,47.577125,0.3258125,4,11.753699999999998,30.58534375,732.84375
207,2024-09-14 08:01:26.679,45.051024999999996,9.68301875,364.37068750000003,0.0,16.261393750000003,Μακαρόνια με pesto παντζαριού,0.0,15,14.5272875,0.12556250000000002,4,11.486836249999998,16.261393750000003,248.08125
211,2024-09-14 08:56:19.615,41.57125,0.45,207.29875,0.0,1.22125,Γλυκό ψυγείου με πορτοκάλι,0.0,15,6.08125,0.01875,8,18.7625,1.22125,148.75
212,2024-09-14 09:04:00.269,26.33756666666666,3.879091666666667,137.79725000000005,0.0,3.124591666666667,"Καυτερή σούπα με νουντλς, φασολάκια και πιπεριά",0.0,40,3.00735,0.14941666666666667,3,15.338205,3.124591666666667,219.84166666666667
213,2024-09-14 10:31:10.599,55.230000000000004,24.213187500000004,431.103125,0.0,16.8071875,Μελιτζάνες με αυγά,0.0,35,21.647750000000002,0.7361249999999999,2,30.425950000000004,16.8071875,1065.6875
214,2024-09-17 11:56:23.246,88.98790000000001,8.564633333333335,519.3668333333333,0.0,4.3338,Πατατοσαλάτα με αυγό και αγγουράκι τουρσί,0.0,20,32.05235,0.37833333333333335,3,30.20212166666667,4.3338,587.3833333333333
215,2024-09-17 12:00:04.015,49.235599999999984,11.373543750000001,300.0605625,0.0,3.5395437500000004,Ρύζι με τομάτα στο φούρνο,0.0,40,12.886775000000002,0.12231249999999999,4,8.118995,3.5395437500000004,236.04375
218,2024-09-17 12:50:18.660,14.5594,3.9541749999999998,532.1222499999999,0.0,35.492174999999996,Ντομάτες γεμιστές με καγιανά και τυριά,0.0,30,39.3171,0.019249999999999996,2,9.00498,35.492174999999996,519.925
219,2024-09-17 13:07:45.771,66.752825,0.35490000000000005,514.9715,0.0,22.119025,Κοτόπουλο στον ατμό με ρύζι,0.0,90,8.559825,0.0,2,2.9013649999999997,22.119025,255.725
220,2024-09-17 13:13:47.359,13.554400000000001,4.880674999999999,352.68974999999995,0.0,26.418675,Φασολάκια στον ατμό με καρύδια και μοτσαρέλα,0.0,20,21.048849999999998,4.68275,1,3.2062049999999997,26.418675,195.925
221,2024-09-17 13:17:22.527,20.56385,7.66345,140.76024999999998,0.0,2.7632000000000003,Λαχανικά στον ατμό με σως,0.0,20,7.564025000000001,0.061,2,4.0356825,2.7632000000000003,275.325
222,2024-09-18 08:12:13.301,63.6787,12.794900000000002,355.9205,0.0,4.938400000000001,Σαλάτα φάβας,0.0,15,12.572049999999999,0.316,1,11.081365,4.938400000000001,491.65
223,2024-09-18 08:19:31.776,42.88996666666667,5.755766666666666,233.45033333333333,0.0,4.9551,Σαλάτα με φακές και πλιγούρι,0.0,90,5.404533333333334,0.1831666666666667,6,9.222743333333334,4.9551,159.76666666666668
226,2024-09-18 12:07:41.035,6.20555,1.258225,134.055125,0.0,8.518600000000001,Σαλάτα του σεφ,0.0,15,8.0773875,0.034375,4,3.2505912500000003,8.518600000000001,143.9125
227,2024-09-18 12:13:05.456,64.67746666666666,6.641391666666667,301.68075,0.0,3.254058333333333,Σαλάτα με βραστά λαχανικά,0.0,10,5.8256999999999985,0.023083333333333334,3,48.32532666666666,3.254058333333333,183.0583333333333
228,2024-09-18 12:16:20.803,16.74775,3.529,125.50999999999999,0.0,5.755000000000001,Σαλάτα λάχανο,0.0,30,1.411,0.047125,4,13.108749999999999,5.755000000000001,163.5
229,2024-09-18 12:20:25.019,231.454,19.186374999999998,1201.6512500000001,0.0,5.650375,Μακαρονοσαλάτα με τόνο,0.0,5,56.359,0.45105000000000006,1,134.12425,5.650375,670.875
231,2024-09-18 13:00:05.473,31.469333333333335,2.108,129.09333333333333,0.0,0.47333333333333333,Παγωτό με φράουλα και μπανάνα,0.0,10,2.722,0.08,3,23.427333333333333,0.47333333333333333,127.33333333333333
232,2024-09-18 13:09:15.480,37.78666666666667,4.163666666666667,146.04666666666665,0.0,0.48066666666666663,"Παγωτό με καρπούζι, μπανάνα και μέλι",0.0,10,1.7655000000000003,0.16,3,21.778499999999998,0.48066666666666663,161.5
233,2024-09-18 13:10:32.593,54.199999999999996,6.1000000000000005,212.0,0.0,0.7999999999999999,Παγωτό με πεπόνι και μπανάνα,0.0,10,3.0,0.3,3,33.9,0.7999999999999999,300.0
234,2024-09-19 06:50:21.697,65.40559999999999,1.167,301.6478,0.0,2.32336,Χαλβάς με σιμιγδάλι,0.0,20,4.35394,0.033904000000000004,10,39.44291,2.32336,85.38
235,2024-09-19 06:54:52.608,34.705000000000005,3.2405,138.3,0.0,0.6930000000000001,Σορμπέ φράουλας χωρίς ζάχαρη,0.0,5,1.59175,0.035,4,27.98625,0.6930000000000001,173.25
236,2024-09-19 06:57:47.223,11.46555,0.6678000000000001,79.9915,0.0,3.51405,Σορμπέ πεπόνι χωρίς ζάχαρη,0.0,15,1.3348499999999999,0.07135,10,11.163750000000002,3.51405,81.35
240,2024-10-24 08:49:07.215,81.41000000000001,8.415,431.95,0.0,7.1850000000000005,Smoothie με ταχίνι και βρώμη,0.0,7,15.27,0.16199999999999998,1,48.09000000000001,7.1850000000000005,505.0
238,2024-10-24 08:26:43.878,46.768,0.724,217.38,0.0,2.6599999999999997,Smoothie με καρπούζι και γιαούρτι,0.0,10,1.0859999999999999,0.0,1,47.282000000000004,2.6599999999999997,232.0
239,2024-10-24 08:27:29.843,31.197000000000003,1.641,168.37,0.0,2.165,Smoothie με σταφύλι και φράουλα,0.0,5,6.306500000000001,0.089,2,29.2655,2.165,250.5
241,2024-10-24 08:49:25.287,25.35,4.5600000000000005,275.20000000000005,0.0,10.310000000000002,Smoothie με φράουλα και μπανάνα,0.0,5,1.71,0.09,2,28.130000000000003,10.310000000000002,320.0
242,2024-10-24 08:26:24.029,81.165,14.22,323.20000000000005,0.0,1.295,Smoothie με διάφορα φρούτα,0.0,10,5.4350000000000005,0.529,1,56.605000000000004,1.295,565.0
245,2024-09-19 12:04:37.089,39.3154,2.184175,571.40725,0.0,34.747175,Ομελέτα σε αραβική πίτα,0.0,15,24.6771,0.049249999999999995,1,15.105979999999999,34.747175,332.175
248,2024-09-20 09:05:44.914,17.942416666666663,0.29289583333333336,193.363125,0.0,8.158895833333334,Τυρόπιτα χωρίς φύλλο,0.0,10,11.588999999999999,0.004458333333333332,12,1.9204666666666668,8.158895833333334,108.3125
252,2024-10-03 10:25:11.623,24.3,3.2399999999999998,166.8,0.0,2.7600000000000002,Τοστ,0.0,5,9.48,0.0,1,1.56,2.7600000000000002,90.0
251,2024-10-24 08:00:59.995,1.7287,0.5370875,86.236125,0.0,3.1910875000000005,Αυγά μάτια,0.0,5,11.853549999999998,0.009624999999999998,2,0.00549,3.1910875000000005,124.5875
249,2024-11-09 10:57:56.671,70.95100000000001,7.139,515.29,0.0,18.297,Πίτα Βρώμης,0.0,10,19.360000000000003,0.08099999999999999,1,44.176,18.297,364.0
246,2024-10-24 08:24:12.585,17.240225,1.0836333333333334,108.21633333333334,0.0,2.5605750000000005,Pancakes χωρίς ζάχαρη,0.0,15,2.85505,0.021728333333333332,6,5.271113333333333,2.5605750000000005,60.25833333333333
237,2024-10-24 08:27:01.116,98.75,12.36,494.9,0.0,8.629999999999999,Smoothie με πεπόνι και ακτινίδιο,0.0,7,13.61,0.41,2,40.099999999999994,8.629999999999999,510.0
258,2024-10-03 12:19:54.505,25.988500000000005,0.475,183.8432,0.0,7.0974,Μπισκοτόγλυκο,0.0,20,5.304330000000001,2.25,10,15.334,7.0974,143.32999999999998
259,2024-10-03 13:32:39.295,124.47,15.490000000000002,623.0000000000001,0.0,6.63,"Σαλάτα με μαρούλι, κοτόπουλο και καλαμπόκι",0.0,10,16.02,0.018,2,64.74,6.63,290.0
88,2024-10-03 13:36:15.936,32.010600000000004,4.2334499999999995,387.67274999999995,0.0,23.7137,Φασόλια μαυρομάτικα σαλάτα,0.0,40,11.326025000000001,0.13,4,4.4829325,23.7137,338.95
260,2024-10-04 06:36:08.990,48.4725,16.194,424.8,0.0,7.065000000000001,Πίτα με καλαμάκι κοτόπουλο,0.0,10,30.9205,0.5,1,2.7230000000000008,7.065000000000001,247.5
261,2024-10-04 06:48:57.384,44.65,14.6,464.3,0.0,14.97,Πίτα με καλαμάκι χοιρινό,0.0,5,30.2,4.465,1,3.17,14.97,235.0
262,2024-10-04 07:30:47.907,32.17,1.562,332.74,0.0,17.27,"Τορτίγια με κοτόπουλο, τομάτα και τυρί κρέμα",0.0,5,11.36,0.015,1,6.57,17.27,200.0
263,2024-10-04 10:09:35.726,72.574,6.571,449.94000000000005,0.0,13.934000000000001,Φρουτοσαλάτα ,0.0,10,11.742,0.131,1,53.730999999999995,13.934000000000001,442.0
264,2024-10-04 11:53:40.426,1.0182000000000002,0.5650875000000001,841.626125,0.0,65.47283750000001,Μοσχαρίσια μπριζόλα στο φούρνο,0.0,25,60.30355,0.009624999999999998,2,0.038740000000000004,65.47283750000001,266.3375
266,2024-10-04 12:28:11.828,39.60085,1.3456375,685.048375,0.0,35.51638750000001,Κοτόπουλο με ρύζι,0.0,60,48.725025,0.035875,4,2.5723075000000004,35.51638750000001,332.5125
267,2024-10-04 14:19:44.420,17.225,8.495000000000001,341.4,0.0,13.815,Πράσινη σαλάτα με αβοκάντο και τόνο,0.0,5,39.7,2.0650000000000004,1,7.595000000000001,13.815,325.0
268,2024-10-05 07:34:54.027,17.624100000000002,8.717668750000003,577.6740625,0.0,47.17624375,Μελιτζάνες με κιμά,0.0,60,21.217074999999998,0.4079425,4,9.3211575,47.17624375,428.76875
208,2024-10-05 07:49:10.703,17.28885,5.64195,162.74025,0.0,9.1017,Σαλάτα με παντζάρια,0.0,25,5.594024999999999,0.0045000000000000005,2,9.300682499999999,9.1017,161.575
269,2024-10-05 09:03:02.712,53.93931666666666,2.0147833333333334,597.2943333333334,0.0,44.58860000000001,Κορμός/ Μωσαϊκο,0.0,90,6.129683333333333,6.666666666666667,6,23.598016666666666,44.58860000000001,118.85000000000001
270,2024-10-05 11:40:08.505,77.34468125,1.44675,474.72506250000004,0.0,14.191418750000002,Ραβανί,0.0,120,7.7212499999999995,0.05785625,16,57.04055625000001,14.191418750000002,153.85625
271,2024-10-09 06:46:04.594,46.66400000000001,0.9646666666666667,243.77666666666664,0.0,3.0973333333333333,Μουσταλευριά,0.0,60,2.7015,0.001,6,38.20283333333333,3.0973333333333333,199.16666666666666
272,2024-10-09 07:00:07.776,33.6033125,0.46869999999999995,192.89475000000002,0.0,4.460567500000001,Καρυδόπιτα,0.0,60,5.191147500000001,0.013002000000000003,20,27.75125,4.460567500000001,77.02250000000001
273,2024-10-09 07:11:44.376,66.18085,2.1901428571428574,439.6868571428571,0.0,18.971835714285714,Πορτοκαλόπιτα,0.0,60,4.377142857142857,2.007692857142857,14,46.08313571428572,18.971835714285714,187.2642857142857
274,2024-10-09 09:16:04.617,65.79958500000001,0.20443499999999998,468.5759,0.0,19.85295,"Κέικ βανίλια, κακάο",0.0,60,7.087405000000001,0.00017,10,39.429095000000004,19.85295,117.425
279,2024-10-12 10:48:48.427,25.62,0.5064444444444445,186.86222222222221,0.0,7.815555555555556,Γλυκό ψυγείου με γιαούρτι,0.0,10,3.160222222222222,0.0,9,10.484444444444446,7.815555555555556,130.94444444444446
278,2024-10-12 10:50:31.397,49.543000000000006,3.397,356.26500000000004,0.0,14.20975,Γιαουρτογλυκό,0.0,5,4.8885000000000005,6.5,1,18.927999999999997,14.20975,112.25
277,2024-10-12 09:33:37.815,8.9968,0.47773333333333334,45.967999999999996,0.0,0.9373333333333334,Μπαλίτσες ενέργειας,0.0,5,0.5659333333333334,0.0,15,5.4002,0.9373333333333334,18.866666666666667
280,2024-10-12 10:53:12.229,22.28,0.66,182.06,0.0,8.28,Σοκολατένια μπισκότα,0.0,20,4.275,0.0,10,10.232,8.28,41.0
281,2024-10-12 10:57:48.313,82.261,14.483000000000002,574.2600000000001,0.0,26.529999999999998,Μους σοκολάτας με αβοκάντο και φουντούκι,0.0,20,6.302,3.5700000000000003,2,63.178999999999995,26.529999999999998,284.0
282,2024-10-12 11:04:21.851,25.425412500000004,0.0033333333333333335,281.79024999999996,0.0,18.4352375,Σουφλέ σοκολάτας,0.0,20,2.65,0.0000708333333333,12,19.2386625,18.4352375,55.90416666666667
276,2024-10-24 08:19:13.601,35.657158333333335,0.5133333333333333,268.39549999999997,0.0,11.643058333333336,Brownies,0.0,35,5.176666666666667,0.9251416666666666,12,24.093825,11.643058333333336,65.35000000000001
230,2024-10-24 06:27:49.332,45.955999999999996,3.8413333333333335,186.35999999999999,0.0,0.7233333333333333,"Παγωτό με κεράσι, μπανάνα, μέλι και γάλα",0.0,10,3.595333333333334,0.12866666666666668,3,32.31066666666667,0.7233333333333333,210.66666666666666
61,2024-10-24 06:37:02.591,56.633900000000004,4.6808625,279.516,0.0,4.4923,Πρασόρυζο στο φούρνο,0.0,25,5.8588499999999994,0.20999999999999996,4,7.9453425,4.4923,269.8625
117,2024-10-24 06:52:02.755,16.3457,2.3535875,643.2311250000001,0.0,50.0285875,Σαγανάκι γαρίδες,0.0,35,31.669550000000005,0.09362499999999999,2,5.562989999999999,50.0285875,299.0875
289,2024-10-24 08:22:21.393,17.662166666666668,0.8966666666666666,199.97833333333332,0.0,9.140666666666666,Lemon pie σε ποτήρι,0.0,10,12.652333333333331,0.02666666666666667,6,11.990333333333334,9.140666666666666,265.5
243,2024-10-24 08:25:34.464,101.94,1.6079999999999999,634.3499999999999,0.0,16.356,Power bowl με κοτόπουλο,0.0,30,13.049999999999997,0.108,1,7.590000000000001,16.356,441.0
247,2024-10-24 07:52:30.591,8.885508333333332,0.4490895833333333,67.9585625,0.0,2.012547916666667,"Αλμυρά μάφιν με καρότο, κολοκύθι και φέτα",0.0,40,3.751595833333333,0.024104166666666666,12,2.00852875,2.012547916666667,70.23541666666667
288,2024-10-24 08:03:19.893,13.919999999999998,6.97,767.1,0.0,56.89,Αυγοσαλάτα με ψωμί,0.0,20,48.300000000000004,0.1,1,3.56,56.89,330.0
209,2024-10-24 07:56:46.567,24.466000000000005,5.8453333333333335,168.02333333333334,0.0,6.958666666666667,Αρακάς λεμονάτος,0.0,45,3.492333333333334,0.08666666666666667,3,1.0697,6.958666666666667,283.8333333333333
87,2024-10-24 07:59:51.572,42.86335,12.48354375,203.46056249999998,0.0,2.6480437500000003,Ανάμεικτα λαχανικά στο φούρνο,0.0,60,6.926775,0.4970625,4,15.900245,2.6480437500000003,580.04375
196,2024-10-24 08:02:13.667,5.085000000000001,0.35809375,313.52781250000004,0.0,21.57234375,Αυγοσαλάτα με σολομό,0.0,30,24.901249999999997,0.012312499999999999,4,3.3270625,21.57234375,149.09375
173,2024-10-24 08:04:29.783,41.43515000000001,1.760075,462.13705,0.0,19.397624999999998,Βελουτέ σούπα με γαρίδες,0.0,85,25.824569999999994,0.08305000000000001,5,6.515649999999999,19.397624999999998,338.085
35,2024-10-24 07:57:26.086,1.3987,0.7192750000000001,560.76175,0.0,45.47777500000001,Αυγά scrambled,0.0,10,35.62505,0.019249999999999996,1,0.658615,45.47777500000001,171.025
275,2024-10-24 08:05:27.225,43.79370625,0.0,272.677625,0.0,7.9408375,Γαλατόπιτα,0.0,50,6.3754687500000005,0.0002125,8,28.32370625,7.9408375,173.18125
50,2024-10-24 08:07:14.541,28.061525,2.3835187500000004,302.9026875,0.0,12.05539375,Γαρίδες με κόκκινη σάλτσα,0.0,30,16.949462500000006,0.1048125,4,7.971836249999998,12.05539375,279.13125
265,2024-10-24 08:43:32.836,73.12,12.120000000000001,313.2,0.0,1.46,"Smoothie με μήλο, πορτοκάλι, μπανάνα και γάλα",0.0,5,9.18,0.40199999999999997,1,55.160000000000004,1.46,600.0
89,2024-10-24 08:53:40.524,68.559,15.097999999999999,463.38500000000005,0.0,11.608,Αγκινάρες με αρακά,0.0,60,20.103499999999997,0.215,2,7.14955,11.608,510.75
292,2024-11-06 10:08:37.720,57.4305,3.7455000000000003,687.97,0.0,31.017500000000005,Γαριδομακαρονάδα,0.0,30,35.564499999999995,0.07050000000000001,2,9.465000000000002,31.017500000000005,450.5
21,2024-11-06 12:25:09.401,26.029025000000004,2.121175,736.145375,0.0,34.268049999999995,Κοκκινιστό μοσχάρι με ρύζι,0.0,180,80.1402875,0.0675,4,4.50602375,34.268049999999995,435.6125
181,2024-11-08 15:07:51.173,79.442,18.499375000000004,721.3675000000001,0.0,12.950125,Θράψαλο γεμιστό,0.0,80,42.745374999999996,0.987,2,13.2554125,12.950125,720.25
51,2024-11-09 08:44:52.823,81.9437,5.720993750000001,1159.8333125,0.0,16.269743750000004,Καραβιδομακαρονάδα,0.0,40,48.0253,0.2798125,4,3.8034275,16.269743750000004,581.61875
18,2024-11-09 08:45:15.388,46.7984,4.529300000000001,724.1553749999999,0.0,23.905925000000003,Μακαρόνια με κιμά,0.0,40,20.6621625,0.175625,4,5.11289875,23.905925000000003,341.7375
188,2024-11-09 08:45:27.056,21.1257,4.295775,181.94075,0.0,3.9444749999999997,Μακαρόνια με μύδια,0.0,30,13.16865,0.08985,5,4.268015,3.9444749999999997,261.025
