"id","updated_at","carbs","dietary_fiber","energy_kcal","energy_kj","fat","name","net_carbs","preparation_time_in_minutes","protein","saturated_fats","servings","sugar","total_fats","total_grams","categories"
276,2025-01-17 14:10:17.429,35.744658333333334,0.5133333333333333,243.1788333333333,0.0,9.393058333333334,Brownies,0.0,35,3.8141666666666665,1.3126416666666667,12,24.181325,9.393058333333334,65.35000000000001,"1,3"
289,2024-10-24 08:22:21.393,17.662166666666668,0.8966666666666666,199.97833333333332,0.0,9.140666666666666,Lemon pie σε ποτήρι,0.0,10,12.652333333333331,0.02666666666666667,6,11.990333333333334,9.140666666666666,265.5,"1,3"
250,2024-10-24 08:23:39.561,37.06288333333333,1.6803000000000001,567.3395,0.0,31.00975,Pancakes με τυρί cottage και βρώμη,0.0,30,36.57368333333333,0.0002833333333333,3,23.917438333333337,31.00975,227.5,"0,1,3"
246,2024-10-24 08:24:12.585,17.240225,1.0836333333333334,108.21633333333334,0.0,2.5605750000000005,Pancakes χωρίς ζάχαρη,0.0,15,2.85505,0.021728333333333332,6,5.271113333333333,2.5605750000000005,60.25833333333333,"0,1,3"
604,2025-02-14 09:34:13.959,30.713,4.299,257.92,0.0,13.800000000000002,porridge,0.0,5,5.016,1.175,1,14.076,13.800000000000002,217.0,"0,1"
243,2024-12-13 08:28:19.000,72.24,1.6079999999999999,677.55,0.0,10.596,Power bowl με κοτόπουλο,0.0,30,65.07,1.9080000000000001,1,4.89,10.596,441.0,"0,1,2,3,4"
242,2024-10-24 08:26:24.029,81.165,14.22,323.20000000000005,0.0,1.295,Smoothie με διάφορα φρούτα,0.0,10,5.4350000000000005,0.529,1,56.605000000000004,1.295,565.0,"0,1,3"
238,2024-10-24 08:26:43.878,46.768,0.724,217.38,0.0,2.6599999999999997,Smoothie με καρπούζι και γιαούρτι,0.0,10,1.0859999999999999,0.0,1,47.282000000000004,2.6599999999999997,232.0,"0,1,3"
265,2024-10-24 08:43:32.836,73.12,12.120000000000001,313.2,0.0,1.46,"Smoothie με μήλο, πορτοκάλι, μπανάνα και γάλα",0.0,5,9.18,0.40199999999999997,1,55.160000000000004,1.46,600.0,"0,3"
237,2024-10-24 08:27:01.116,98.75,12.36,494.9,0.0,8.629999999999999,Smoothie με πεπόνι και ακτινίδιο,0.0,7,13.61,0.41,2,40.099999999999994,8.629999999999999,510.0,"0,1,3"
239,2024-10-24 08:27:29.843,31.197000000000003,1.641,168.37,0.0,2.165,Smoothie με σταφύλι και φράουλα,0.0,5,6.306500000000001,0.089,2,29.2655,2.165,250.5,"0,1,3"
240,2024-10-24 08:49:07.215,81.41000000000001,8.415,431.95,0.0,7.1850000000000005,Smoothie με ταχίνι και βρώμη,0.0,7,15.27,0.16199999999999998,1,48.09000000000001,7.1850000000000005,505.0,"0,1,3"
241,2024-10-24 08:49:25.287,25.35,4.5600000000000005,275.20000000000005,0.0,10.310000000000002,Smoothie με φράουλα και μπανάνα,0.0,5,1.71,0.09,2,28.130000000000003,10.310000000000002,320.0,"0,1,3"
89,2024-10-24 08:53:40.524,68.559,15.097999999999999,463.38500000000005,0.0,11.608,Αγκινάρες με αρακά,0.0,60,20.103499999999997,0.215,2,7.14955,11.608,510.75,"2,4"
100,2024-10-24 07:49:21.800,3.31245,2.21415,99.62841666666667,0.0,7.294733333333332,Άλειμμα με γιαούρτι και αβοκάντο,0.0,15,0.7303416666666668,0.6041666666666667,6,3.613560833333333,7.294733333333332,72.52499999999999,"0,1,2,3,4"
247,2025-01-11 09:13:37.877,8.885508333333332,0.3603645833333333,90.80327083333334,0.0,4.687947916666666,"Αλμυρά μάφιν με καρότο, κολοκύθι και φέτα",0.0,40,3.693583333333333,0.5018541666666668,12,2.00852875,4.687947916666666,70.23541666666667,"0,1,3"
87,2024-10-24 07:59:51.572,42.86335,12.48354375,203.46056249999998,0.0,2.6480437500000003,Ανάμεικτα λαχανικά στο φούρνο,0.0,60,6.926775,0.4970625,4,15.900245,2.6480437500000003,580.04375,"2,4"
209,2024-10-24 07:56:46.567,24.466000000000005,5.8453333333333335,168.02333333333334,0.0,6.958666666666667,Αρακάς λεμονάτος,0.0,45,3.492333333333334,0.08666666666666667,3,1.0697,6.958666666666667,283.8333333333333,"2,4"
35,2025-01-11 09:14:07.962,2.4486999999999997,0.364375,347.30725,0.0,29.179375,Αυγά scrambled,0.0,10,19.043,6.580250000000001,1,1.708615,29.179375,171.025,"0,1,2,3,4"
251,2025-01-09 13:10:56.931,1.7287,0.1821875,177.281625,0.0,13.892687500000001,Αυγά μάτια,0.0,5,11.6215,1.9206250000000002,2,0.00549,13.892687500000001,124.5875,"0,1,2,3,4"
605,2025-02-14 09:36:26.885,1.0499999999999998,0.0,69.0,0.0,15.0,Αυγά ποσέ,0.0,5,18.9,4.65,1,1.0499999999999998,15.0,150.0,"0,1,2,3,4"
196,2024-10-24 08:02:13.667,5.085000000000001,0.35809375,313.52781250000004,0.0,21.57234375,Αυγοσαλάτα με σολομό,0.0,30,24.901249999999997,0.012312499999999999,4,3.3270625,21.57234375,149.09375,"2,4"
288,2024-10-24 08:03:19.893,13.919999999999998,6.97,767.1,0.0,56.89,Αυγοσαλάτα με ψωμί,0.0,20,48.300000000000004,0.1,1,3.56,56.89,330.0,"0,1,3"
173,2024-10-24 08:04:29.783,41.43515000000001,1.760075,462.13705,0.0,19.397624999999998,Βελουτέ σούπα με γαρίδες,0.0,85,25.824569999999994,0.08305000000000001,5,6.515649999999999,19.397624999999998,338.085,"2,4"
600,2025-04-10 07:55:11.177,45.68645,7.646000000000001,328.5235,0.0,14.86425,Βραστά λαχανικά,0.0,40,5.7242500000000005,2.2677500000000004,2,6.620114999999999,14.86425,379.65,"2,4"
620,2025-04-10 08:05:01.599,52.800000000000004,6.6000000000000005,231.0,0.0,0.3,Βραστές Πατάτες,0.0,20,6.0,0.3,1,2.4,0.3,1300.5,"2,4"
635,2025-05-21 07:07:01.016,4.3245000000000005,1.3830000000000002,78.105,0.0,6.9030000000000005,Βραχάκια,0.0,10,1.5900000000000003,3.1245000000000003,10,0.20550000000000002,6.9030000000000005,18.0,"0"
275,2024-11-28 08:49:17.451,43.79370625,0.0,272.677625,0.0,7.9408375,Γαλατόπιτα,0.0,50,6.3754687500000005,0.0002125,8,28.32370625,7.9408375,173.18125,"0,1,3"
50,2024-10-24 08:07:14.541,28.061525,2.3835187500000004,302.9026875,0.0,12.05539375,Γαρίδες με κόκκινη σάλτσα,0.0,30,16.949462500000006,0.1048125,4,7.971836249999998,12.05539375,279.13125,"2,4"
166,2024-09-12 09:01:03.536,42.931050000000006,1.8975374999999999,514.7263750000001,0.0,24.080287500000004,Γαρίδες με σκόρδο και λεμόνι,0.0,10,31.551575000000003,0.052625000000000005,2,6.2861725,24.080287500000004,314.4125,"2,4"
292,2024-11-06 10:08:37.720,57.4305,3.7455000000000003,687.97,0.0,31.017500000000005,Γαριδομακαρονάδα,0.0,30,35.564499999999995,0.07050000000000001,2,9.465000000000002,31.017500000000005,450.5,"2,4"
202,2024-09-13 12:30:39.649,31.220366666666667,4.983358333333334,471.6909166666667,0.0,22.754525000000005,Γαύρος στο φούρνο με λαχανικά,0.0,60,34.953050000000005,0.15675,3,3.8597816666666667,22.754525000000005,432.94166666666666,"2,4"
22,2025-01-11 09:14:49.018,18.98026,2.26446875,153.41361250000003,0.0,4.695593750000001,Γεμιστά,0.0,90,8.710525,1.4245125,20,4.00103075,4.695593750000001,195.10125,"2,4"
623,2025-04-10 07:48:38.806,49.5842,13.674375000000001,331.19225,0.0,14.765375,Γεμιστές μελιτζάνες ,0.0,40,6.350499999999999,2.4065000000000003,1,18.164615,14.765375,578.525,"2,4"
624,2025-04-10 07:48:29.900,38.01170000000001,6.864375000000001,282.44225,0.0,13.950375000000001,Γεμιστές πιπεριές,0.0,35,4.543,2.23025,1,10.869615000000001,13.950375000000001,411.025,"2,4"
602,2025-02-14 09:14:25.899,8.149700000000001,2.042,254.18599999999998,0.0,21.726,Γεμιστές πιπεριές με αυγά,0.0,30,6.619999999999999,3.1630000000000003,1,7.541365,21.726,313.15,"2,4"
603,2025-02-14 09:21:37.745,43.919999999999995,9.7725,232.57500000000002,0.0,1.8435000000000001,Γεμιστές τομάτες με καφέ ρύζι και σταφίδες,0.0,60,10.0425,0.0075,2,13.59,1.8435000000000001,352.5,"2,4"
278,2024-10-12 10:50:31.397,49.543000000000006,3.397,356.26500000000004,0.0,14.20975,Γιαουρτογλυκό,0.0,5,4.8885000000000005,6.5,1,18.927999999999997,14.20975,112.25,"1,3"
31,2025-01-11 09:15:58.517,14.503466666666668,2.2857916666666664,714.9794166666667,0.0,59.49679166666667,Γιουβαρλάκια,0.0,40,30.560000000000002,1.3680833333333335,3,2.78866,59.49679166666667,337.39166666666665,"2,4"
149,2024-09-10 09:01:57.210,67.15651666666668,1.2877416666666666,996.6556666666667,0.0,40.771825,Γιουβέτσι κοτόπουλο,0.0,90,87.09569166666665,0.05691666666666667,6,5.210099166666667,40.771825,491.8166666666666,"2,4"
606,2025-02-14 09:47:00.994,125.525,12.716443750000002,724.9141625,0.0,10.090763750000002,Γιουβέτσι με κιμά σόγιας,0.0,40,29.107605000000003,1.0366905,4,11.748495,10.090763750000002,291.92875,"2,4"
279,2024-10-12 10:48:48.427,25.62,0.5064444444444445,186.86222222222221,0.0,7.815555555555556,Γλυκό ψυγείου με γιαούρτι,0.0,10,3.160222222222222,0.0,9,10.484444444444446,7.815555555555556,130.94444444444446,"1,3"
211,2024-09-14 08:56:19.615,41.57125,0.45,207.29875,0.0,1.22125,Γλυκό ψυγείου με πορτοκάλι,0.0,15,6.08125,0.01875,8,18.7625,1.22125,148.75,"1,3"
210,2025-01-11 09:17:20.311,63.83056666666666,1.0483333333333333,593.1336666666666,0.0,33.03083333333333,Ελιόψωμο,0.0,70,10.205833333333334,2.779083333333334,6,3.550305,33.03083333333333,138.17499999999998,"0,1,2,3,4"
185,2025-01-11 10:46:04.448,22.989675000000002,0.9349999999999999,512.9665,0.0,17.785,Θαλασσινή σαλάτα,0.0,70,62.745,1.1227500000000001,4,3.12534125,17.785,423.4125,"2,4"
181,2025-01-11 09:26:07.175,71.942,17.612125000000002,1008.98125,0.0,47.204125000000005,Θράψαλο γεμιστό,0.0,80,72.91525,6.514500000000002,2,11.7554125,47.204125000000005,720.25,"2,4"
57,2025-01-11 09:43:50.047,15.764749999999998,3.9921875,571.965625,0.0,48.7826875,Καγιανάς (τομάτες με αυγά),0.0,10,22.6915,8.669625,2,9.8275375,48.7826875,498.3125,"0,1,2,3,4"
641,2025-05-21 11:12:50.917,8.3887,2.564375,342.61725,0.0,18.375375000000002,Καλαμάρι γεμιστό με σπανάκι,0.0,15,37.373000000000005,3.1002500000000004,1,0.289615,18.375375000000002,305.525,"2,4"
96,2025-01-11 09:18:36.538,41.446,5.828,615.88,0.0,35.37,Καπνιστός σολομός με τυρί cottage σε ψωμί,0.0,5,36.602000000000004,0.37,1,16.604,35.37,258.0,"0,1,2,3,4"
51,2025-01-11 09:21:07.423,81.9437,5.366093750000001,783.3788125000001,0.0,26.971343750000003,Καραβιδομακαρονάδα,0.0,40,47.79325,2.1908125000000003,4,3.8034275,26.971343750000003,581.61875,"2,4"
113,2025-01-11 09:40:52.144,94.39837500000002,4.71921875,795.9365625,0.0,31.99384375,Καρμπονάρα,0.0,20,30.612000000000005,0.20856249999999998,4,5.9539375,31.99384375,324.09375,"2,4"
124,2024-09-06 08:40:56.622,40.678425000000004,9.346224999999999,182.367625,0.0,1.3646,Καροτόσουπα βελουτέ,0.0,60,4.163012500000001,0.36,4,13.86409125,1.3646,367.50625,"2,4"
272,2025-03-26 07:31:42.455,33.3758125,0.46869999999999995,148.04475000000002,0.0,1.3730674999999999,Καρυδόπιτα,0.0,60,1.1286475,0.013002000000000003,20,27.621249999999996,1.3730674999999999,44.5225,"1,3"
212,2025-01-11 09:43:06.231,23.737566666666666,4.1941250000000005,159.04575000000003,0.0,6.561791666666667,"Καυτερή σούπα με νουντλς, φασολάκια και πιπεριά",0.0,40,4.750000000000001,1.0030833333333335,3,6.021538333333333,6.561791666666667,219.84166666666667,"2,4"
274,2025-03-26 07:31:11.057,65.579585,0.20443499999999998,438.5879000000001,0.0,17.43295,"Κέικ βανίλια, κακάο",0.0,60,4.227405,0.00017,10,39.429095000000004,17.43295,95.425,"0,1,3"
143,2025-01-11 09:19:11.315,3.5771375,0.424796875,373.77615625,0.0,33.503171875,Κεμπάπ,0.0,60,13.595375000000002,0.73840625,8,0.7864181250000002,33.503171875,119.603125,"2,4"
645,2025-05-21 14:14:53.514,5.875,1.5,355.825,0.0,29.0,Κέτο pancakes,0.0,20,18.415,3.6550000000000002,1,3.65,29.0,167.5,"2,4"
644,2025-05-21 11:34:35.494,5.3025,0.1821875,309.55062499999997,0.0,23.5476875,Κέτο σουφλέ τυριού,0.0,30,16.724000000000004,4.219625,2,3.5416250000000002,23.5476875,175.9375,"2,4"
150,2025-03-26 07:31:16.471,14.158966666666666,2.475625,368.20675000000006,0.0,22.478258333333333,Κεφτεδάκια με σάλτσα τομάτας,0.0,50,23.971533333333337,5.47917,6,4.00616,22.478258333333333,213.29166666666666,"2,4"
32,2025-01-11 09:16:36.318,5.741200000000001,1.0321875,643.3666250000001,0.0,43.732687500000004,Κεφτεδάκια φούρνου,0.0,45,50.5765,11.970625,2,2.16799,43.732687500000004,282.0875,"2,4"
607,2025-02-14 14:29:16.668,52.340199999999996,0.4992,499.62399999999997,0.0,23.0734,Κιουνεφέ,0.0,55,7.827,2.7216000000000005,10,35.7704,23.0734,171.2,"3"
21,2024-11-06 12:25:09.401,26.029025000000004,2.121175,736.145375,0.0,34.268049999999995,Κοκκινιστό μοσχάρι με ρύζι,0.0,180,80.1402875,0.0675,4,4.50602375,34.268049999999995,435.6125,"2,4"
118,2025-01-11 09:20:46.225,31.675516666666667,6.829516666666667,848.1837499999998,0.0,67.49003333333333,Κολοκύθια γεμιστά με κιμά,0.0,90,30.822649999999996,2.7069000000000005,6,17.959516666666666,67.49003333333333,747.1083333333335,"2,4"
163,2024-09-11 07:40:37.609,13.467799999999999,4.266725,87.21075,0.0,2.990725,Κολοκύθια τηγανητά με σάλτσα,0.0,25,4.430366666666667,0.27508333333333335,3,9.290326666666667,2.990725,378.55833333333334,"2,4"
84,2025-01-11 09:16:48.173,6.537233333333335,0.9482916666666669,94.78835000000002,0.0,6.592658333333333,Κολοκυθοκεφτέδες φούρνου,0.0,60,3.0990133333333336,0.9054500000000002,15,2.1685916666666665,6.592658333333333,86.86833333333334,"2,4"
43,2025-01-11 10:05:32.118,8.061783333333333,0.23869791666666665,82.94860416666667,0.0,3.6829479166666665,Κολοκυθόπιτα αλμυρή ,0.0,55,4.304583333333333,0.47010416666666677,12,1.329915,3.6829479166666665,54.43125,"0,1,2,3,4"
269,2025-01-11 09:26:58.542,57.09981666666666,2.0147833333333334,637.9293333333334,0.0,45.36260000000001,Κορμός/ Μωσαϊκο,0.0,90,11.418683333333334,6.666666666666667,6,26.565016666666665,45.36260000000001,183.35,"1,3"
67,2024-09-10 06:40:12.233,101.70622499999999,9.25266875,663.5055625,0.0,17.612168750000002,Κοτόπουλο αλα κρεμ με πέννες,0.0,30,18.637900000000002,0.017937500000000002,4,5.537120000000001,17.612168750000002,323.79375,"2,4"
129,2024-09-06 13:23:51.635,39.911849999999994,2.87745,385.55525,0.0,19.4587,Κοτόπουλο γεμιστό,0.0,100,11.261525000000002,0.08625,2,9.975682500000001,19.4587,351.5125,"2,4"
621,2025-05-16 07:46:23.537,10.839500000000001,2.4841875,547.6106249999999,0.0,41.6541875,Κοτόπουλο λεμονάτο ,0.0,90,47.8865,8.114625,2,1.1114,41.6541875,256.6875,"2,4"
40,2024-08-29 12:27:27.011,37.174274999999994,6.54525,378.69075,0.0,9.426275,Κοτόπουλο λεμονάτο με πατάτες στην κατσαρόλα,0.0,60,35.288000000000004,1.2307499999999998,4,4.504225,9.426275,366.11875,"2,4"
616,2025-04-09 10:36:54.668,56.303900000000006,10.160718750000001,631.7223125000002,0.0,29.36696875,Κοτόπουλο με λαχανικά στο φούρνο,0.0,120,54.379875,6.799437500000001,4,12.73246125,29.36696875,718.08125,"2,4"
139,2025-01-11 09:42:13.280,10.949200000000003,0.9521875,797.966625,0.0,50.0226875,Κοτόπουλο με λιαστή τομάτα και φέτα,0.0,35,72.78399999999999,3.7481250000000004,2,3.96299,50.0226875,497.5875,"2,4"
147,2024-09-10 08:28:36.928,42.562625,3.8569687500000005,321.94281249999995,0.0,13.279718749999999,Κοτόπουλο με μαρινάδα γιαουρτιού,0.0,90,5.489375000000001,0.1549375,4,8.9989375,13.279718749999999,353.46875,"2,4"
19,2025-04-11 11:45:45.827,45.624975000000006,8.023618749999999,732.3595625,0.0,22.232518750000004,Κοτόπουλο με πατάτες φούρνου,0.0,90,82.91152500000001,4.7749125,4,5.912802500000001,22.232518750000004,581.76875,"2,4"
167,2025-01-11 10:41:59.185,3.9372999999999996,0.6579375000000001,684.875125,0.0,45.082437500000005,Κοτόπουλο με πέστο και μοτσαρέλα.,0.0,20,64.30949999999999,9.292875,2,1.1646725,45.082437500000005,277.8625,"2,4"
266,2025-01-11 09:23:18.953,39.60085,1.1681875,765.571125,0.0,33.3671875,Κοτόπουλο με ρύζι,0.0,60,69.359,7.741375000000001,4,2.3223075000000004,33.3671875,332.5125,"2,4"
156,2025-01-11 09:41:48.784,17.060125,4.838333333333334,801.2462500000001,0.0,48.54904166666666,Κοτόπουλο με τομάτα,0.0,50,70.34224999999999,10.256833333333335,3,9.180525,48.54904166666666,538.6666666666666,"2,4"
219,2024-09-17 13:07:45.771,66.752825,0.35490000000000005,514.9715,0.0,22.119025,Κοτόπουλο στον ατμό με ρύζι,0.0,90,8.559825,0.0,2,2.9013649999999997,22.119025,255.725,"2,4"
59,2024-08-30 11:51:43.152,50.73833333333332,1.6118333333333332,445.1166666666666,0.0,23.29116666666667,Κουκιά λαδερά με σάλτσα τομάτας,0.0,60,1.4133333333333333,0.0265,6,29.06886666666667,23.29116666666667,270.1458333333333,"2,4"
126,2024-09-06 10:15:14.311,33.888349999999996,4.12895,682.84525,0.0,29.39295,Κρεατόσουπα με μοσχάρι,0.0,130,70.863275,0.174,4,4.4356825,29.39295,444.91875,"2,4"
285,2024-10-18 06:15:14.273,60.445370000000004,0.0,346.2608,0.0,5.83831,Κρέμα βανίλια με σιμιγδάλι,0.0,10,12.7808,0.00051,5,47.83117,5.83831,176.91,"1,3"
133,2024-09-06 14:03:45.408,39.831,0.0,201.767,0.0,0.7659999999999999,Κρέμα καραμελέ,0.0,20,8.865,0.0,5,39.6,0.7659999999999999,168.17000000000002,"1,3"
145,2025-01-11 10:41:27.228,13.629444444444445,0.48777777777777775,134.61055555555558,0.0,6.627222222222222,Κρεμμυδόπιτα,0.0,60,4.948888888888889,0.03361111111111111,18,2.3499999999999996,6.627222222222222,70.47222222222223,"0,1,2,3,4"
123,2025-01-11 10:34:54.831,39.323375,5.99109375,318.77031250000005,0.0,17.41134375,Κρεμμυδόσουπα βελουτέ,0.0,40,4.11075,2.7060625000000003,4,9.32876875,17.41134375,334.90625,"2,4"
592,2025-01-18 09:35:41.899,49.875825000000006,3.26609375,166.6183125,0.0,3.96191875,Κρεμώδη μακαρόνια με τυρί (Creamy mac and cheese),0.0,20,15.510250000000001,0.2898125,4,4.9966625,3.96191875,191.54375,"2,4"
132,2025-01-11 09:14:27.637,20.12474,0.0,132.5902,0.0,3.156,Κρέπες με σοκολάτα,0.0,30,6.043,0.38220000000000004,5,1.8898729999999997,3.156,78.63,"0,1,3"
63,2024-08-30 13:25:29.011,64.91352499999999,3.3369250000000004,356.682875,0.0,6.1175500000000005,Κριθαρότο λαχανικών,0.0,45,11.0332875,0.155125,4,8.486023750000001,6.1175500000000005,267.58125,"2,4"
182,2025-01-11 09:44:21.053,3.3249000000000013,1.008125,257.9890833333333,0.0,6.748458333333335,Λαβράκι στο φούρνο,0.0,30,29.491,0.6750833333333336,3,0.683205,6.748458333333335,192.17499999999998,"2,4"
221,2024-09-17 13:17:22.527,20.56385,7.66345,140.76024999999998,0.0,2.7632000000000003,Λαχανικά στον ατμό με σως,0.0,20,7.564025000000001,0.061,2,4.0356825,2.7632000000000003,275.325,"2,4"
646,2025-05-22 07:30:54.648,19.6009,9.218625,198.29275,0.0,16.577225000000002,Λεπτοκομμένες μελιτζάνες στο φούρνο με φέτα,0.0,25,4.4357999999999995,0.94855,1,11.705405,16.577225000000002,335.675,"2,4"
170,2025-01-11 10:32:43.989,74.88228000000001,0.218675,557.4166499999999,0.0,10.783575,Λιγκουίνι με σως σκόρδου και μύδια,0.0,30,30.8082,0.7730500000000001,5,4.537496000000001,10.783575,289.335,"2,4"
207,2025-01-11 09:44:33.707,45.051024999999996,9.41684375,478.65481250000005,0.0,24.287593750000006,Μακαρόνια με pesto παντζαριού,0.0,15,14.35325,1.5588125000000004,4,11.486836249999998,24.287593750000006,248.08125,"2,4"
18,2025-01-11 10:44:16.552,46.7984,4.2631250000000005,558.6895,0.0,31.932125000000003,Μακαρόνια με κιμά,0.0,40,20.488125,1.608875,4,5.11289875,31.932125000000003,341.7375,"2,4"
599,2025-02-14 08:40:31.604,74.885,14.982443750000002,525.0841625,0.0,12.591763750000002,Μακαρόνια με κιμά σόγιας,0.0,40,23.865605000000002,1.1616905000000002,4,8.568495,12.591763750000002,317.92875,"2,4"
66,2024-11-09 08:37:28.667,103.11963333333334,9.584225,468.3315833333334,0.0,2.0267250000000003,Μακαρόνια με κόκκινη σάλτσα,0.0,20,12.200116666666666,0.2014166666666667,3,44.256235,2.0267250000000003,327.80833333333334,"2,4"
68,2024-09-10 06:40:57.741,66.48442,6.0110149999999996,470.0105500000001,0.0,15.044115000000001,Μακαρόνια με μπρόκολο και καρύδια,0.0,30,17.74463,0.08505,5,4.208469000000001,15.044115000000001,195.865,"2,4"
188,2025-01-11 10:30:43.572,21.1257,3.9408749999999997,295.98625000000004,0.0,14.646075000000002,Μακαρόνια με μύδια,0.0,30,12.936599999999999,2.0008500000000002,5,4.268015,14.646075000000002,261.025,"2,4"
130,2024-09-06 13:33:27.594,43.894133333333336,6.958266666666667,253.11366666666666,0.0,5.615600000000001,Μακαρόνια με πέστο,0.0,20,8.733033333333333,0.5466666666666666,3,1.7075766666666665,5.615600000000001,181.225,"2,4"
168,2024-09-11 09:46:42.364,41.96345,8.274337500000001,990.9961249999999,0.0,73.1388375,Μακαρόνια με σάλτσα μανιταριών,0.0,30,44.31930000000001,0.238875,2,5.101239999999999,73.1388375,441.5875,"2,4"
593,2025-01-18 09:48:20.930,26.9227,2.7475937500000005,292.26381250000003,0.0,16.481343750000004,Μακαρόνια με σάλτσα φέτας και ντοματίνια,0.0,30,10.38175,2.0173125,4,5.1434275,16.481343750000004,252.99375,"2,4"
98,2024-09-05 10:53:56.394,84.97384999999998,10.62345,647.50025,0.0,26.5902,Μακαρόνια ολικής με σάλτσα αβοκάντο,0.0,20,19.760525,1.8251500000000003,2,4.8586825000000005,26.5902,258.0125,"2,4"
77,2024-09-04 07:03:01.858,152.57070000000004,22.00210000000001,809.1805,0.0,9.351400000000002,Μακαρονοσαλάτα με λαχανικά,0.0,32,28.77705,0.558,1,38.285365,9.351400000000002,1000.4,"2,3,4"
229,2024-09-18 12:20:25.019,231.454,19.186374999999998,1201.6512500000001,0.0,5.650375,Μακαρονοσαλάτα με τόνο,0.0,5,56.359,0.45105000000000006,1,134.12425,5.650375,670.875,"2,4"
79,2024-09-04 07:24:11.805,33.0937,11.5799,230.6205,0.0,5.1234,Μανιτάρια στιφάδο,0.0,45,9.70705,0.0,2,10.526365,5.1234,492.15,"2,4"
171,2024-09-11 12:25:39.871,16.535375,5.02621875,104.3028125,0.0,3.32646875,Μανιταρόσουπα,0.0,60,4.232875,0.07543749999999999,8,2.5844500000000004,3.32646875,179.84375,"2,4"
244,2025-01-11 09:22:12.285,25.47425,1.7993150000000004,141.78199999999998,0.0,3.184705,Μάφιν βρώμης,0.0,30,3.5129449999999998,0.024085,10,13.804640000000001,3.184705,82.98,"0,1,3"
643,2025-05-21 11:28:09.761,23.8987,12.004375000000001,301.51725000000005,0.0,19.735375,Μελιτζάνα φούρνου γεμιστή με τυρί και μανιτάρια,0.0,40,13.143,2.2302500000000003,1,11.229615000000003,19.735375,435.525,"2,4"
213,2025-01-11 11:50:05.940,55.230000000000004,22.438687500000004,886.330625,0.0,70.31518750000001,Μελιτζάνες με αυγά,0.0,35,20.4875,10.291125000000001,2,30.425950000000004,70.31518750000001,1065.6875,"2,4"
268,2024-10-05 07:34:54.027,17.624100000000002,8.717668750000003,577.6740625,0.0,47.17624375,Μελιτζάνες με κιμά,0.0,60,21.217074999999998,0.4079425,4,9.3211575,47.17624375,428.76875,"2,4"
104,2025-01-11 11:48:20.531,42.309999999999995,10.676687499999998,1609.085625,0.0,142.7441875,Μελιτζάνες με λουκάνικα και φέτα στο τηγάνι,0.0,45,46.75549999999999,16.238125,2,23.189,142.7441875,900.4375,"2,4"
48,2024-09-04 12:15:53.398,26.540650000000007,6.787149999999999,331.8885,0.0,17.99165,Μελιτζάνες παπουτσάκια με κιμά,0.0,90,18.7344,0.2209,10,15.918399999999997,17.99165,467.5875,"2,4"
78,2025-01-11 09:35:37.381,61.25435000000001,23.104124999999996,333.32550000000003,0.0,8.431625,Μελιτζάνες στο φούρνο,0.0,90,10.124500000000001,1.76825,4,34.270182500000004,8.431625,940.5125,"2,4"
164,2024-09-11 07:43:58.017,28.80113333333334,13.600058333333335,141.87741666666668,0.0,2.990725,Μελιτζάνες τηγανητές με σάλτσα,0.0,25,5.230366666666667,0.40841666666666665,3,16.623660000000005,2.990725,511.55833333333334,"2,4"
23,2024-08-28 13:28:20.209,8.414733333333333,4.1393,45.021833333333326,0.0,1.2578000000000003,Μελιτζανοσαλάτα,0.0,30,1.4930166666666667,0.13433333333333333,6,4.697955,1.2578000000000003,139.94583333333333,"2,3,4"
596,2025-01-23 13:00:08.146,25.481250000000003,10.417593749999998,778.8153125,0.0,43.35384375,Μοσχαράκι με μελιτζάνες στο φούρνο,0.0,120,69.32800000000002,1.9363125000000003,4,14.273200000000003,43.35384375,654.71875,"2,4"
28,2024-08-29 06:54:00.208,48.758799999999994,2.2996000000000003,979.482,0.0,45.7216,Μοσχάρι γιουβέτσι,0.0,120,89.96820000000001,0.0,5,5.12546,45.7216,498.875,"2,4"
614,2025-04-08 13:44:21.680,16.263591666666667,2.077833333333333,648.3569166666667,0.0,44.75654166666667,Μοσχάρι λεμονάτο,0.0,150,47.549416666666666,3.491333333333333,3,7.4421766666666676,44.75654166666667,310.68333333333334,"2,4"
102,2024-09-05 13:00:19.561,11.7748,2.492,680.8019999999999,0.0,36.97240000000001,Μοσχάρι με φασολάκια στη χύτρα,0.0,60,74.38220000000001,0.0336,5,4.04664,36.97240000000001,467.275,"2,4"
29,2025-01-11 08:36:47.202,38.704275,5.4714375,696.667625,0.0,49.8359375,Μοσχαρίσια μπιφτέκια με πατάτες στο φούρνο,0.0,60,23.52525,2.060375,4,1.85089875,49.8359375,356.175,"2,4"
264,2024-10-04 11:53:40.426,1.0182000000000002,0.5650875000000001,841.626125,0.0,65.47283750000001,Μοσχαρίσια μπριζόλα στο φούρνο,0.0,25,60.30355,0.009624999999999998,2,0.038740000000000004,65.47283750000001,266.3375,"2,4"
613,2025-03-27 08:42:32.415,19.837400000000002,1.484375,551.38325,0.0,33.865375,Μοσχαρίσιο Συκώτι,0.0,60,37.382999999999996,5.581250000000001,1,10.21098,33.865375,369.175,"2,4"
114,2024-09-06 07:32:25.904,5.770100000000001,2.25245,330.74150000000003,0.0,18.836699999999997,Μοσχαρίσιο φιλέτο με σάλτσα μανιταριών,0.0,35,34.653650000000006,0.0,4,0.9764325000000001,18.836699999999997,242.29375,"2,4"
637,2025-05-21 08:35:02.591,27.5087,4.4399999999999995,652.866,0.0,35.940000000000005,Μοσχάρι στην κατσαρόλα με πατάτα και καρότο,0.0,60,56.78,2.091,1,3.901365,35.940000000000005,394.15,"2,4"
60,2024-08-30 12:24:19.204,32.645125,5.605875,728.4925,0.0,32.724624999999996,Μοσχάρι στιφάδο στη γάστρα,0.0,180,71.361125,0.025,8,15.4629,32.724624999999996,616.471875,"2,4"
650,2025-05-22 09:43:42.875,17.8487,7.439375,601.8672499999999,0.0,38.520375,Μοσχάρι στο φούρνο με λαχανικά,0.0,50,63.593,12.255249999999998,1,10.909615000000002,38.520375,540.525,"2,4"
17,2024-08-28 12:45:01.039,31.0791,7.649966666666667,525.7368333333334,0.0,32.262800000000006,Μουσακάς,0.0,60,19.926283333333334,0.295,6,14.932855000000002,32.262800000000006,512.0458333333332,"2,4"
281,2024-10-12 10:57:48.313,82.261,14.483000000000002,574.2600000000001,0.0,26.529999999999998,Μους σοκολάτας με αβοκάντο και φουντούκι,0.0,20,6.302,3.5700000000000003,2,63.178999999999995,26.529999999999998,284.0,"1,3"
594,2025-01-18 09:53:12.079,36.076,1.0105,320.96,0.0,17.3,Μους σοκολάτας με γιαούρτι,0.0,60,4.41575,0.0,4,25.56025,17.3,105.25,"1,3"
271,2024-10-09 06:46:04.594,46.66400000000001,0.9646666666666667,243.77666666666664,0.0,3.0973333333333333,Μουσταλευριά,0.0,60,2.7015,0.001,6,38.20283333333333,3.0973333333333333,199.16666666666666,"0,1,3"
27,2024-09-04 12:15:53.393,59.23173333333333,9.853466666666668,868.5176666666666,0.0,44.37113333333335,Μπακαλιάρος στη γάστρα με λαχανικά,0.0,120,61.93276666666665,0.426,3,13.326063333333332,44.37113333333335,774.7583333333333,"2,4"
91,2024-09-04 13:22:27.826,55.06785,8.5847,548.4252499999998,0.0,21.985450000000004,Μπακαλιάρος φιλέτο με πατάτες στο φούρνο,0.0,90,35.97002499999999,0.36025000000000007,4,6.5694325,21.985450000000004,560.91875,"2,4"
277,2024-10-12 09:33:37.815,8.9968,0.47773333333333334,45.967999999999996,0.0,0.9373333333333334,Μπαλίτσες ενέργειας,0.0,5,0.5659333333333334,0.0,15,5.4002,0.9373333333333334,18.866666666666667,"0,1,3"
33,2024-08-29 10:17:43.722,29.35475,7.1217500000000005,179.37750000000003,0.0,5.6552500000000006,Μπάμιες λαδερές στην κατσαρόλα,0.0,30,5.4590000000000005,0.0445,4,10.718525,5.6552500000000006,434.9375,"2,4"
158,2024-09-12 09:01:32.655,49.7537,5.648591666666667,914.2084166666667,0.0,58.826191666666666,Μπάμιες με γαρίδες κοκκινιστές στην κατσαρόλα ,0.0,60,43.98396666666667,0.04175,3,12.627206666666668,58.826191666666666,628.8583333333333,"2,4"
597,2025-02-14 08:17:24.906,19.105,1.1225,111.595,0.0,3.0825,Μπάρες Δημητριακών,0.0,60,2.2024999999999997,0.0,20,12.325,3.0825,55.0,"0,1"
258,2024-10-03 12:19:54.505,25.988500000000005,0.475,183.8432,0.0,7.0974,Μπισκοτόγλυκο,0.0,20,5.304330000000001,2.25,10,15.334,7.0974,143.32999999999998,"3"
65,2025-01-11 08:35:30.204,10.568062500000002,1.8036718750000003,571.3664062500001,0.0,48.49004687499999,Μπιφτέκια γεμιστά με φέτα,0.0,90,22.149750000000004,1.4524062500000001,8,5.013759375,48.49004687499999,234.515625,"2,4"
128,2025-01-11 08:36:00.600,5.717214285714287,0.46655357142857146,284.8308928571429,0.0,12.357839285714288,Μπιφτέκια κοτόπουλο,0.0,30,43.33050000000001,3.453535714285714,7,1.5313928571428572,12.357839285714288,205.73214285714286,"2,4"
16,2025-04-10 08:16:01.776,47.411699999999996,9.003458333333334,720.9997500000001,0.0,60.301791666666674,Μπριάμ ,0.0,90,7.062333333333335,8.744416666666668,3,11.068665000000001,60.301791666666674,562.1083333333333,"2,4"
178,2024-09-12 08:26:52.448,25.782374999999995,4.68821875,981.3299375,0.0,77.98784375000001,Μπριζόλες με σάλτσα μανιταριών,0.0,60,42.43191250000001,0.0298125,4,4.18126875,77.98784375000001,426.83125,"2,4"
101,2025-04-10 08:04:02.406,3.298916666666667,0.7313749999999999,519.0187500000001,0.0,69.55370833333332,Μπριζόλες στο φούρνο με μαρινάδα,0.0,80,25.27791666666667,3.2165,6,0.5396083333333334,69.55370833333332,170.79166666666666,"2,4"
120,2025-01-11 10:41:02.030,74.85534999999999,2.1593750000000003,578.08425,0.0,10.898875,Μυδοπίλαφο,0.0,30,41.721000000000004,1.0564,2,3.5819324999999997,10.898875,365.2,"2,4"
52,2024-08-30 10:32:29.203,154.5312,6.0949,1065.2105,0.0,14.3884,Μυδοπίλαφο με φρέσκια τομάτα,0.0,30,74.78454999999998,0.18,1,10.843865000000001,14.3884,829.525,"2,4"
112,2024-09-06 07:21:05.132,94.85000000000001,3.837125,478.405,0.0,3.1865,Νηστίσιμη - vegan καρμπονάρα,0.0,30,15.66475,0.00125,4,3.79425,3.1865,133.71875,"2,4"
109,2024-09-05 14:09:25.859,56.37680000000002,1.2709,459.19899999999996,0.0,19.690400000000004,Νηστίσιμη - vegan πίτσα,0.0,60,12.747399999999999,0.0106,10,3.2440200000000003,19.690400000000004,152.3875,"0,1,2,3,4"
110,2024-09-06 07:11:02.733,123.38869999999999,8.174900000000001,1338.8555000000001,0.0,67.7249,Νηστίσιμο - vegan γιουβέτσι με λαχανικά,0.0,35,52.522549999999995,0.18700000000000003,2,13.343365,67.7249,706.3375,"2,4"
111,2024-09-06 07:17:52.628,52.35,1.95,231.35,0.0,0.7500000000000001,Νηστίσιμο - vegan σοκολατένιο γλυκό,0.0,10,4.8,0.05,5,8.25,0.7500000000000001,150.28,"2,4"
82,2024-09-04 08:26:30.964,3.140177777777778,0.09035555555555558,22.94377777777778,0.0,0.8823555555555557,Ντολμαδάκια γιαλαντζί,0.0,60,0.5710444444444445,0.0022222222222222222,45,0.10020222222222222,0.8823555555555557,10.941666666666666,"2,4"
83,2024-09-04 08:42:34.317,4.765802222222222,0.23566000000000004,51.76692222222222,0.0,2.3240044444444443,Ντολμαδάκια με κιμά,0.0,60,2.945803333333333,0.009555555555555555,45,0.32509099999999996,2.3240044444444443,32.27388888888889,"2,4"
218,2025-03-26 07:31:16.476,13.6774,3.244375,673.8332499999999,0.0,44.925374999999995,Ντομάτες γεμιστές με καγιανά και τυριά,0.0,30,23.103,3.8412500000000005,2,8.50098,44.925374999999995,393.925,"2,4"
34,2025-05-21 06:47:58.415,3.2467,0.21862499999999999,329.98675,0.0,28.427225,Ομελέτα,0.0,15,16.5608,5.02255,1,2.206315,28.427225,139.775,"0,1,2,3,4"
619,2025-04-09 08:10:15.048,11.8717,4.038625,318.43675,0.0,24.387225,Ομελέτα με λαχανικά,0.0,10,15.360800000000001,5.20505,1,6.376315,24.387225,309.775,"0,2,4"
103,2024-09-05 13:02:57.715,4.794933333333333,0.6132000000000001,181.984,0.0,7.817866666666667,Ομελέτα με λουκάνικα κοκτέιλ και φέτα,0.0,15,22.0594,0.0,3,2.4018200000000003,7.817866666666667,208.65833333333333,"0,1,2,3,4"
638,2025-05-21 08:52:18.006,4.5049,1.464375,327.79325,0.0,30.935375,Ομελέτα με σπανάκι και φέτα,0.0,10,10.982999999999999,0.70625,1,1.8107050000000002,30.935375,220.425,"0,1,2,4"
245,2024-09-19 12:04:37.089,39.3154,2.184175,571.40725,0.0,34.747175,Ομελέτα σε αραβική πίτα,0.0,15,24.6771,0.049249999999999995,1,15.105979999999999,34.747175,332.175,"0,1,2,3,4"
598,2025-02-14 08:29:06.871,7.138,2.478625,105.97875,0.0,12.547225,Ομελέτα φούρνου,0.0,15,16.0118,3.30155,1,4.184950000000001,12.547225,218.52499999999998,"0,1,2,3,4"
232,2024-09-18 13:09:15.480,37.78666666666667,4.163666666666667,146.04666666666665,0.0,0.48066666666666663,"Παγωτό με καρπούζι, μπανάνα και μέλι",0.0,10,1.7655000000000003,0.16,3,21.778499999999998,0.48066666666666663,161.5,"1,3"
230,2024-10-24 06:27:49.332,45.955999999999996,3.8413333333333335,186.35999999999999,0.0,0.7233333333333333,"Παγωτό με κεράσι, μπανάνα, μέλι και γάλα",0.0,10,3.595333333333334,0.12866666666666668,3,32.31066666666667,0.7233333333333333,210.66666666666666,"1,3"
233,2024-09-18 13:10:32.593,54.199999999999996,6.1000000000000005,212.0,0.0,0.7999999999999999,Παγωτό με πεπόνι και μπανάνα,0.0,10,3.0,0.3,3,33.9,0.7999999999999999,300.0,"1,3"
231,2024-09-18 13:00:05.473,31.469333333333335,2.108,129.09333333333333,0.0,0.47333333333333333,Παγωτό με φράουλα και μπανάνα,0.0,10,2.722,0.08,3,23.427333333333333,0.47333333333333333,127.33333333333333,"1,3"
24,2025-05-16 07:56:44.039,36.36990000000001,3.956246875,453.72628124999994,0.0,25.724821875,Παστίτσιο,0.0,120,18.8162125,0.74152625,8,17.64163125,25.724821875,255.971875,"2,4"
176,2024-09-12 07:42:36.535,74.54105714285713,5.836882142857143,557.3646071428572,0.0,18.68316785714286,Παστίτσιο με σπανάκι,0.0,40,24.158157142857142,0.16703571428571426,7,10.799282857142856,18.68316785714286,417.02500000000003,"2,4"
152,2024-09-10 09:28:25.414,39.12550000000001,4.764375,586.4812499999999,0.0,38.215375,Πατάτες ογκρατέν,0.0,30,21.305,0.21925,1,3.5322500000000003,38.215375,465.875,"2,4"
631,2025-04-11 11:36:02.158,50.47970000000001,7.294187500000001,337.086625,0.0,14.2906875,Πατάτες φούρνου κλασσικές,0.0,60,5.748500000000001,2.2211250000000007,2,3.05549,14.2906875,361.0875,"2,4"
256,2025-04-11 10:58:57.773,36.05780000000001,4.661458333333334,236.47775,0.0,9.338458333333334,Πατάτες φούρνου σαν τηγανητές,0.0,80,4.0776666666666666,1.4854166666666668,3,1.6169933333333333,9.338458333333334,210.0583333333333,"0"
137,2024-09-07 08:27:21.321,8.0235,0.99,268.86199999999997,0.0,25.461000000000002,Πατατοκροκέτες,0.0,15,2.066,0.045,10,0.3725,25.461000000000002,84.2375,"2,3,4"
214,2024-09-17 11:56:23.246,88.98790000000001,8.564633333333335,519.3668333333333,0.0,4.3338,Πατατοσαλάτα με αυγό και αγγουράκι τουρσί,0.0,20,32.05235,0.37833333333333335,3,30.20212166666667,4.3338,587.3833333333333,"2,4"
99,2024-09-05 12:33:12.373,56.541050000000006,14.549849999999998,387.11075,0.0,17.438100000000002,Πατατοσαλάτα με καρότο και αβοκάντο,0.0,60,7.3915750000000005,2.1255,2,7.9055475,17.438100000000002,446.6625,"2,4"
86,2024-09-04 09:22:28.301,33.6,3.3000000000000003,725.5649999999999,0.0,64.16749999999999,Πατατοσαλάτα με λιαστή τομάτα,0.0,30,14.954999999999998,0.15,2,2.325,64.16749999999999,411.1875,"0"
591,2025-01-18 09:21:55.487,28.44935,1.85609375,291.4208125,0.0,17.01134375,Πέννες με σάλτσα πέστο και ντοματίνια,0.0,20,7.470750000000001,2.2153125,4,2.297745,17.01134375,184.79375,"2,4"
191,2024-09-12 13:35:01.901,33.68572499999999,7.81429375,252.1968125,0.0,7.541168749999999,Πέννες με σολομό,0.0,25,13.236025000000001,0.2549375,4,2.22587,7.541168749999999,258.66875,"2,4"
94,2024-09-05 07:32:54.162,93.34085,10.386825,609.54275,0.0,10.1567,Πέννες με σολομό και μπρόκολο,0.0,10,29.894524999999998,0.051500000000000004,4,4.6681825,10.1567,346.54375,"2,4"
138,2024-09-07 09:02:18.892,11.259749999999999,2.4514375,440.453125,0.0,14.0779375,Πικάντικες φτερούγες κοτόπουλο,0.0,60,59.900499999999994,0.068125,4,3.646625,14.0779375,359.6875,"0,2,4"
633,2025-04-11 12:34:39.093,25.683199999999996,3.6673750000000003,400.44225,0.0,17.581875,Πιλάφι με γαρίδες,0.0,30,34.7375,2.4182500000000005,1,4.710615000000001,17.581875,300.025,"2,4"
46,2024-09-04 12:15:53.395,29.5760875,7.9856125,300.5275625,0.0,11.6273,Πιπεριές γεμιστές με τυριά,0.0,40,19.152006250000003,0.36250000000000004,4,21.428920625,11.6273,543.3,"2,4"
154,2024-09-10 10:09:58.542,40.076699999999995,4.969691666666667,509.72425000000004,0.0,16.829525,Πιπεριές χρωματιστές γεμιστές με τόνο και κινόα,0.0,60,50.34505000000001,0.16175,3,17.153448333333333,16.829525,340.10833333333335,"2,4"
249,2024-11-09 10:57:56.671,70.95100000000001,7.139,515.29,0.0,18.297,Πίτα Βρώμης,0.0,10,19.360000000000003,0.08099999999999999,1,44.176,18.297,364.0,"0,1,3"
260,2025-01-11 09:12:28.292,48.4725,16.194,419.8,0.0,6.065000000000001,Πίτα με καλαμάκι κοτόπουλο,0.0,10,32.9205,0.5,1,3.2230000000000008,6.065000000000001,247.5,"2,4"
586,2025-01-17 08:28:34.167,64.58,14.6,661.05,0.0,24.47,Πίτα με καλαμάκι κοτόπουλο και μαγιονέζα,0.0,30,33.1975,3.6650000000000005,1,3.0025000000000004,24.47,286.5,"2,4"
583,2025-01-17 08:29:08.982,67.204,15.045,484.79,0.0,15.166,Πίτα με καλαμάκι κοτόπουλο και σως μουστάρδας,0.0,30,9.043,2.065,1,5.321,15.166,185.0,"2,4"
587,2025-01-17 12:08:20.390,66.455,14.77,606.25,0.0,17.07,Πίτα με καλαμάκι κοτόπουλο και τζατζίκι,0.0,30,34.165000000000006,2.025,1,3.55,17.07,295.0,"2,4"
261,2025-01-11 09:12:42.277,44.65,14.6,514.3,0.0,14.97,Πίτα με καλαμάκι χοιρινό,0.0,5,30.2,4.465,1,3.17,14.97,235.0,"2,4"
585,2025-01-17 08:28:43.431,67.56,16.084,711.6,0.0,24.118000000000002,Πίτα με καλαμάκι χοιρινό και μουστάρδα,0.0,30,31.04,5.5249999999999995,1,2.84,24.118000000000002,298.0,"2,4"
584,2025-01-17 08:28:53.010,46.9924,15.397,591.524,0.0,21.000400000000006,Πίτα με καλαμάκι χοιρινό και πικάντικη σως γιαουρτιού,0.0,30,29.9435,4.6785,1,5.962954999999999,21.000400000000006,273.75,"2,4"
582,2025-01-17 08:17:31.935,65.955,14.77,731.25,0.0,27.070000000000004,Πίτα με καλαμάκι χοιρινό και τζατζίκι,0.0,30,32.165,5.5249999999999995,1,3.05,27.070000000000004,295.0,"2,4"
588,2025-01-17 12:04:03.270,68.1575,15.208,591.4000000000001,0.0,20.025,Πίτα με κεμπάπ,0.0,30,24.593499999999995,1.525,1,3.7335000000000003,20.025,267.5,"2,4"
183,2024-09-12 09:20:48.608,37.95955,1.8237249999999998,565.678875,0.0,25.4831,Πίτα χωριάτικη,0.0,40,45.69738749999999,0.0858125,8,14.457091250000001,25.4831,487.725,"0,1,2,3,4"
257,2025-05-21 06:57:16.594,3.278,1.317,339.31,0.0,22.978,Πίτσα Πρωτεϊνης,0.0,40,28.377999999999997,0.0,1,1.947,22.978,223.0,"0,3"
108,2024-09-05 13:54:57.286,30.5733,1.3226000000000002,239.997,0.0,5.8946,Πίτσα στο ταψί,0.0,30,11.2442,0.01675,10,7.874910000000002,5.8946,172.7,"0,1,2,3,4"
273,2024-10-09 07:11:44.376,66.18085,2.1901428571428574,439.6868571428571,0.0,18.971835714285714,Πορτοκαλόπιτα,0.0,60,4.377142857142857,2.007692857142857,14,46.08313571428572,18.971835714285714,187.2642857142857,"0,1,3"
267,2025-04-09 07:25:27.045,17.225,8.495000000000001,341.4,0.0,13.815,Πράσινη σαλάτα με αβοκάντο και τόνο,0.0,5,39.7,2.0650000000000004,1,7.595000000000001,13.815,325.0,"2,4"
61,2024-10-24 06:37:02.591,56.633900000000004,4.6808625,279.516,0.0,4.4923,Πρασόρυζο στο φούρνο,0.0,25,5.8588499999999994,0.20999999999999996,4,7.9453425,4.4923,269.8625,"2,4"
81,2024-09-04 12:15:53.405,50.140362499999995,2.93075,558.8821250000001,0.0,31.4541125,Πρασοτυρόπιτα,0.0,1,19.548250000000003,0.0675,8,8.4886625,31.4541125,305.4875,"0,1,2,3,4"
270,2025-03-26 07:31:16.485,77.17930625,1.44675,442.2038125,0.0,11.947043750000002,Ραβανί,0.0,120,4.768125,0.05785625,16,56.94605625000001,11.947043750000002,130.23125,"0"
157,2024-09-10 13:15:06.829,103.76300000000002,7.302458333333333,759.2354166666665,0.0,4.117791666666666,Ρεβύθια με σπανάκι,0.0,90,17.705499999999997,0.30641666666666667,3,7.330933333333334,4.117791666666666,455.625,"2,4"
49,2025-01-09 15:00:19.035,115.86300000000001,2.876791666666667,1098.9220833333334,0.0,32.113458333333334,Ρεβυθόσουπα,0.0,75,15.728166666666667,4.365083333333334,3,4.900783333333334,32.113458333333334,317.125,"2,4"
195,2024-09-13 07:00:36.048,20.42835,2.6350437500000004,205.9830625,0.0,6.505543749999999,Ριζότο θαλασσινών,0.0,60,11.440275000000003,0.06381250000000001,4,4.202745,6.505543749999999,256.46875,"2,4"
64,2024-09-05 10:57:10.944,189.03625,1.9549999999999998,1331.855,0.0,70.98325,Ριζότο λαχανικών με θαλασσινά ,0.0,45,75.81400000000001,0.072875,4,76.74975,70.98325,511.0,"2,4"
595,2025-01-23 11:52:35.716,46.25116666666667,0.21933333333333338,234.12283333333332,0.0,2.0844,Ρολάκια κανέλας,0.0,120,5.4331000000000005,0.6493433333333334,12,16.645833333333332,2.0844,68.78333333333333,"1,3"
140,2024-09-07 09:53:53.455,35.3518,13.22494375,221.9498125,0.0,5.64319375,Ρολάκια μελιτζάνας με φέτα,0.0,50,12.93695,0.35706249999999995,4,21.031722500000004,5.64319375,675.44375,"2,4"
216,2024-09-17 12:04:22.506,79.098,3.816791666666667,878.3570833333333,0.0,40.44045833333333,Ρολό κοτόπουλο με πατάτες στο φούρνο,0.0,140,53.626666666666665,0.12808333333333333,3,3.8524499999999997,40.44045833333333,481.2916666666667,"2,4"
107,2024-09-05 13:27:22.747,51.041566666666654,2.2662999999999998,256.81683333333336,0.0,2.8944666666666667,Ρύζι με λαχανικά,0.0,30,7.18835,0.11376666666666668,3,3.707121666666666,2.8944666666666667,185.67499999999998,"2,4"
106,2024-09-05 13:18:55.486,80.53434999999999,9.26245,392.66024999999996,0.0,3.4192000000000005,Ρύζι με μπρόκολο,0.0,25,15.181024999999998,0.29,2,5.2756825,3.4192000000000005,381.825,"2,4"
90,2024-09-05 10:57:35.337,82.8658,3.8382666666666663,508.0136666666667,0.0,4.162266666666667,Ρύζι με σάλτσα τόνου,0.0,30,33.64803333333333,0.24,3,6.859243333333333,4.162266666666667,359.6583333333333,"2,4"
215,2024-09-17 12:00:04.015,49.235599999999984,11.373543750000001,300.0605625,0.0,3.5395437500000004,Ρύζι με τομάτα στο φούρνο,0.0,40,12.886775000000002,0.12231249999999999,4,8.118995,3.5395437500000004,236.04375,"2,4"
105,2024-09-05 13:13:36.791,68.7,1.6500000000000001,342.9,0.0,2.74,Ρύζι με φρέσκα μανιτάρια,0.0,20,9.6,0.0,4,0.81,2.74,140.34375,"2,4"
56,2025-02-14 10:07:34.500,52.777474999999995,1.1480000000000001,400.105,0.0,25.326125000000005,Ρυζόγαλο,0.0,30,2.4543,0.034705,4,62.05397500000001,25.326125000000005,355.525,"0,1,3"
117,2024-10-24 06:52:02.755,16.3457,2.3535875,643.2311250000001,0.0,50.0285875,Σαγανάκι γαρίδες,0.0,35,31.669550000000005,0.09362499999999999,2,5.562989999999999,50.0285875,299.0875,"2,4"
601,2025-02-14 08:57:58.351,43.5,3.1,317.6,0.0,12.39,Σαλάτα ζυμαρικών με πιπεριά και φέτα,0.0,10,9.65,0.31,1,5.3100000000000005,12.39,260.0,"0"
228,2025-04-09 07:25:39.031,16.74775,2.879,292.26,0.0,25.354999999999997,Σαλάτα λάχανο,0.0,30,0.986,3.5471250000000007,4,13.108749999999999,25.354999999999997,163.5,"2,4"
628,2025-04-11 07:11:47.409,12.448,3.2299999999999995,49.425000000000004,0.0,0.355,Σαλάτα με αγγούρι και καρότο,0.0,5,1.6349999999999998,0.19750000000000004,1,5.07,0.355,190.5,"2,4"
254,2025-04-10 08:06:33.542,10.793700000000001,2.25,167.166,0.0,14.05,Σαλάτα με αγγούρι και τομάτα,0.0,5,2.175,2.0985000000000005,1,5.8013650000000005,14.05,289.15,"1,2,4"
227,2024-11-28 15:02:00.574,60.237466666666656,6.874725000000001,274.8140833333333,0.0,3.0940583333333334,Σαλάτα με βραστά λαχανικά,0.0,10,5.292366666666666,0.023083333333333334,3,50.85199333333333,3.0940583333333334,196.39166666666665,"2,4"
630,2025-04-11 07:40:00.905,28.416700000000002,8.43,245.09099999999998,0.0,14.655,Σαλάτα με βραστό κολοκύθι και παντζάρι,0.0,40,5.485,2.1085000000000003,1,18.371365,14.655,404.65,"2,4"
642,2025-05-21 11:18:24.967,11.742200000000002,6.5603750000000005,311.22225000000003,0.0,26.698875,"Σαλάτα με γαρίδες, αβοκάντο και αγγούρι",0.0,10,10.8175,3.9207500000000004,1,1.9921150000000003,26.698875,222.025,"2,4"
141,2024-09-07 10:22:05.810,124.84019999999998,12.1510875,706.283625,0.0,18.6950875,Σαλάτα με κινόα και παντζάρι,0.0,30,15.840799999999998,1.8546250000000002,2,44.601490000000005,18.6950875,456.5875,"2,4"
611,2025-04-10 07:14:53.404,23.22935,4.21,162.78300000000002,0.0,7.215,Σαλάτα με λάχανο και καρότο,0.0,5,1.2550000000000001,1.0255,2,19.4156825,7.215,202.075,"2,4"
617,2025-04-09 07:55:33.774,8.9817,3.487,175.78099999999998,0.0,15.1735,Σαλάτα με μαρούλι,0.0,5,1.9835,1.9500000000000004,2,2.2313650000000003,15.1735,160.4,"2,4"
627,2025-04-11 06:54:05.636,8.565800000000001,2.17,113.794,0.0,9.419999999999998,Σαλάτα με μαρούλι και αγγούρι,0.0,5,1.8649999999999998,1.4140000000000001,1,2.80091,9.419999999999998,174.6,"2,4"
612,2025-04-09 07:55:04.795,11.6985,2.0656000000000003,52.625,0.0,0.33999999999999997,Σαλάτα με μαρούλι και βαλσάμικο,0.0,5,1.97,0.026999999999999996,1,9.166,0.33999999999999997,146.5,"2,4"
259,2024-10-03 13:32:39.295,124.47,15.490000000000002,623.0000000000001,0.0,6.63,"Σαλάτα με μαρούλι, κοτόπουλο και καλαμπόκι",0.0,10,16.02,0.018,2,64.74,6.63,290.0,"1,2,3,4"
162,2024-09-11 07:26:58.894,59.241200000000006,9.8924,520.0205000000001,0.0,24.8909,Σαλάτα με μοτσαρέλα και αβοκάντο,0.0,10,19.175050000000002,5.635000000000001,2,25.903865,24.8909,342.65,"2,3,4"
647,2025-05-22 08:07:05.420,7.1479,1.859375,172.97324999999998,0.0,18.885375,"Σαλάτα με ντοματίνια, πέστο και φέτα",0.0,5,2.8179999999999996,1.07225,1,4.368705,18.885375,160.925,"2,4"
208,2024-10-05 07:49:10.703,17.28885,5.64195,162.74025,0.0,9.1017,Σαλάτα με παντζάρια,0.0,25,5.594024999999999,0.0045000000000000005,2,9.300682499999999,9.1017,161.575,"2,4"
199,2024-09-13 08:57:50.936,27.4197,2.539275,153.18474999999998,0.0,4.189775000000001,Σαλάτα με ρόκα και παρμεζάνα,0.0,5,3.22905,0.08574999999999999,1,20.475615,4.189775000000001,194.225,"2,3,4"
648,2025-05-22 08:10:52.844,12.897900000000002,7.619375000000001,203.37324999999998,0.0,17.480375,"Σαλάτα με ρόκα, ντοματίνια και αβοκάντο",0.0,5,3.433,2.49825,1,3.5737050000000004,17.480375,211.425,"2,4"
625,2025-04-10 14:20:23.385,4.5643,2.130375,104.00025000000001,0.0,9.538874999999999,"Σαλάτα με ρόκα, σπανάκι και μαρούλι",0.0,5,2.4524999999999997,1.33775,1,0.78166,9.538874999999999,95.475,"2,4"
189,2024-09-12 10:22:18.470,61.9372,3.6744000000000003,450.7004999999999,0.0,16.150650000000002,Σαλάτα με ρύζι και κοτόπουλο ,0.0,25,10.90255,0.195,2,8.931365,16.150650000000002,322.4,"2,3,4"
169,2024-09-11 10:49:53.185,27.858700000000002,13.504900000000003,265.6705,0.0,16.788400000000003,"Σαλάτα με σπανάκι, αβοκάντο και ντοματίνια",0.0,15,9.36705,2.0875,2,8.741365,16.788400000000003,453.65,"1,2,3,4"
622,2025-04-10 07:19:29.574,4.995799999999999,1.59,102.794,0.0,9.37,Σαλάτα με σπανάκι και ντοματίνια,0.0,5,1.38,1.3205,1,2.7909100000000007,9.37,129.6,"2,4"
184,2024-09-12 09:41:34.055,47.38870000000001,6.4549,431.6205,0.0,18.2734,Σαλάτα με φαγόπυρο και ψητά θαλασσινά,0.0,20,18.617050000000003,0.049,2,5.716365000000001,18.2734,216.4,"2,4"
76,2024-09-04 06:52:35.093,67.35685000000001,4.37495,343.01775000000004,0.0,4.209825,Σαλάτα με φακές και κινόα,0.0,60,9.160524999999998,0.11625,4,7.566307500000001,4.209825,258.79375,"2,3,4"
223,2024-09-18 08:19:31.776,42.88996666666667,5.755766666666666,233.45033333333333,0.0,4.9551,Σαλάτα με φακές και πλιγούρι,0.0,90,5.404533333333334,0.1831666666666667,6,9.222743333333334,4.9551,159.76666666666668,"2,4"
172,2024-09-12 06:53:52.187,41.546,9.859593750000004,265.7996875,0.0,8.357218750000001,Σαλάτα με ψητά λαχανικά και ταλαγάνι,0.0,45,9.4308125,0.46368750000000003,4,20.046893750000002,8.357218750000001,427.15625,"2,3,4"
197,2024-09-13 08:10:05.611,45.45570000000001,6.0219000000000005,307.46549999999996,0.0,7.880400000000001,Σαλάτα ντάκος,0.0,5,13.063049999999999,0.0075,1,8.389365,7.880400000000001,267.15,"2,4"
186,2024-09-12 09:48:33.005,15.15535,2.2880499999999997,75.66024999999999,0.0,1.6717000000000002,Σαλάτα ρόκα με αχλάδι,0.0,5,0.871025,0.0925,2,14.3841825,1.6717000000000002,115.825,"2,3,4"
198,2024-09-13 08:18:52.229,45.907599999999995,11.822075,239.12425,0.0,4.832275000000001,Σαλάτα ταμπουλέ,0.0,30,7.82,0.19285000000000002,5,2.82947,4.832275000000001,180.575,"2,4"
224,2024-09-18 11:10:48.423,61.1377,3.3199,499.67650000000003,0.0,23.1724,Σαλάτα του Καίσαρα,0.0,30,8.30055,0.0,1,17.331364999999998,23.1724,355.54999999999995,"2,3,4"
226,2025-03-26 07:31:16.480,5.24255,1.1695,161.69150000000002,0.0,13.96825,Σαλάτα του σεφ,0.0,15,4.090125,1.3371250000000001,4,3.16584125,13.96825,112.4125,"2,4"
222,2024-09-18 08:12:13.301,63.6787,12.794900000000002,355.9205,0.0,4.938400000000001,Σαλάτα φάβας,0.0,15,12.572049999999999,0.316,1,11.081365,4.938400000000001,491.65,"2,4"
39,2024-08-29 11:38:42.343,19.189133333333334,4.7199333333333335,221.5136666666667,0.0,12.922266666666665,Σαλάτα χωριάτικη,0.0,8,8.988033333333334,0.26933333333333337,3,10.189910000000003,12.922266666666665,435.76666666666665,"2,3,4"
629,2025-04-11 07:20:58.508,31.023000000000003,4.409,357.59000000000003,0.0,11.097,Σάντουιτς με μπιφτέκι σόγιας,0.0,20,16.442,4.08,1,8.884,11.097,203.5,"2,4"
93,2024-09-05 10:58:31.727,2.9766333333333335,0.8289333333333332,252.73866666666666,0.0,10.54026666666667,Σαρδέλα με μουστάρδα,0.0,10,16.436366666666668,0.013333333333333334,6,0.6217433333333333,10.54026666666667,143.1625,"2,4"
42,2024-11-09 11:41:37.441,6.8406,2.01895,520.9415,0.0,22.224749999999997,Σαρδέλα στο φούρνο,0.0,35,39.97030000000001,0.0613,5,3.4832100000000006,22.224749999999997,331.75,"2,4"
287,2024-10-18 06:41:57.016,27.793125000000003,3.790875,155.87812499999998,0.0,3.84675,Σκορδαλιά,0.0,30,3.4340625,0.15225,4,1.22420625,3.84675,170.8125,"2,4"
203,2024-09-13 12:33:55.648,27.734749999999995,4.74434375,184.92156250000002,0.0,4.60584375,Σκορδόψωμο,0.0,10,8.509125000000001,0.3123125,4,3.0782000000000003,4.60584375,79.34375,"2,3,4"
45,2024-08-29 14:01:50.299,6.214133333333334,0.8479333333333333,274.732,0.0,24.241100000000003,Σκουμπρί καπνιστό με θυμάρι και χυμό λεμονιού,0.0,20,8.2087,0.013333333333333334,3,4.61091,24.241100000000003,101.72500000000001,"2,4"
280,2024-10-12 10:53:12.229,22.28,0.66,182.06,0.0,8.28,Σοκολατένια μπισκότα,0.0,20,4.275,0.0,10,10.232,8.28,41.0,"1,3"
201,2024-09-13 09:09:55.064,46.446566666666676,6.190800000000002,305.2085,0.0,4.319966666666667,Σολομός πλακί,0.0,90,20.86135,0.27599999999999997,3,4.1064549999999995,4.319966666666667,415.7166666666667,"2,4"
92,2024-09-05 06:40:46.210,17.782400000000003,3.4238,249.99099999999999,0.0,10.329800000000002,Σολομός στο φούρνο με φασολάκια και λεμονάτη σάλτσα,0.0,30,20.5491,0.05,2,3.47773,10.329800000000002,376.675,"2,4"
236,2024-09-19 06:57:47.223,11.46555,0.6678000000000001,79.9915,0.0,3.51405,Σορμπέ πεπόνι χωρίς ζάχαρη,0.0,15,1.3348499999999999,0.07135,10,11.163750000000002,3.51405,81.35,"1,3"
235,2024-09-19 06:54:52.608,34.705000000000005,3.2405,138.3,0.0,0.6930000000000001,Σορμπέ φράουλας χωρίς ζάχαρη,0.0,5,1.59175,0.035,4,27.98625,0.6930000000000001,173.25,"1,3"
153,2024-09-10 10:02:44.553,33.100725,4.124168750000001,198.60118749999998,0.0,6.00804375,Σούπα βελουτέ με πράσο και πατάτα,0.0,40,4.0130875,0.1923125,4,3.34717625,6.00804375,267.48125,"2,4"
590,2025-01-18 09:14:08.979,33.838,6.34634375,167.18531249999998,0.0,2.24109375,Σούπα με γλυκοπατάτα και καρότο,0.0,40,3.9377500000000007,0.1152875,4,10.451437499999999,2.24109375,455.21875,"2,4"
200,2024-09-13 09:06:53.323,20.264666666666667,5.715395833333335,216.0702083333333,0.0,10.930895833333333,Σούπα μπρόκολο με τυρί τσένταρ,0.0,60,12.480833333333331,0.2349583333333333,6,4.673041666666666,10.930895833333333,273.8125,"2,4"
44,2024-09-04 12:15:53.378,17.626083333333337,5.822083333333333,719.8166666666666,0.0,40.85675,Σουπιές με σπανάκι,0.0,50,77.52991666666667,0.24983333333333332,6,4.045758333333333,40.85675,599.2291666666666,"2,4"
618,2025-04-09 07:52:38.692,85.50000000000001,0.32999999999999996,446.765,0.0,3.8199999999999994,Σούσι γαρίδας,0.0,40,15.870000000000001,0.02,1,11.77,3.8199999999999994,166.95,"2,4"
53,2024-09-05 10:56:37.360,41.10511111111111,1.0001111111111112,500.9933333333333,0.0,25.36166666666667,Σουτζουκάκια σμυρναίικα φούρνου με ρύζι,0.0,90,26.76488888888889,0.0006666666666667,9,4.022222222222222,25.36166666666667,195.81944444444446,"2,4"
121,2024-09-06 08:24:06.115,47.0479375,4.377125,582.1754999999999,0.0,24.8275625,Σουφλέ ζυμαρικών,0.0,40,40.20001250000001,0.000125,8,5.140499999999999,24.8275625,278.5375,"2,4"
151,2024-09-10 09:18:55.950,19.00314,1.116155,142.62284999999997,0.0,3.7418549999999997,Σουφλέ με κολοκύθια,0.0,60,8.16571,0.08115,10,4.410723,3.7418549999999997,155.405,"2,4"
155,2024-09-10 10:38:41.730,33.337125,15.005031250000002,523.7353125,0.0,28.91634375,Σουφλέ με σολομό,0.0,35,17.317375000000002,0.004812499999999999,4,4.0703125,28.91634375,269.78125,"2,3,4"
206,2024-09-14 07:14:39.313,63.825250000000004,11.58034375,712.4615625,0.0,30.58534375,Σουφλέ με σπανάκι και ψωμί του τοστ,0.0,60,47.577125,0.3258125,4,11.753699999999998,30.58534375,732.84375,"2,4"
131,2024-09-06 13:52:14.534,59.459999999999994,7.62,1074.0,0.0,67.74,Σουφλέ πατάτας,0.0,45,57.54,0.36,5,5.7,67.74,630.0,"0"
282,2024-10-12 11:04:21.851,25.425412500000004,0.0033333333333333335,281.79024999999996,0.0,18.4352375,Σουφλέ σοκολάτας,0.0,20,2.65,0.0000708333333333,12,19.2386625,18.4352375,55.90416666666667,"1,3"
636,2025-05-21 07:14:10.746,0.44147499999999995,0.0,97.024,0.0,6.275425,Σουφλέ σοκολάτας Κετο,0.0,10,6.3374999999999995,2.120425,2,0.44147499999999995,6.275425,82.925,"3"
115,2024-09-06 07:39:46.258,37.99546666666667,4.269308333333333,361.50616666666673,0.0,14.690100000000001,Σουφλέ σπανάκι,0.0,75,21.848116666666666,0.18383333333333332,6,2.8644099999999995,14.690100000000001,324.05833333333334,"2,4"
11,2024-09-04 12:15:53.380,45.90975,4.677250000000001,234.2025,0.0,1.47125,Σπανακόρυζο,0.0,45,12.359,0.20725000000000002,4,2.8625,1.47125,257.25,"2,4"
20,2024-09-04 12:15:53.390,19.043116666666666,1.23915,211.95341666666664,0.0,11.018066666666668,Σπανακοτυρόπιτα,0.0,90,8.666175,0.03,12,5.381894166666666,11.018066666666668,112.08749999999999,"0,1,2,3,4"
122,2024-09-10 06:45:30.635,16.39905,5.1315375,341.46512499999994,0.0,18.1835375,Σπετσοφάι,0.0,10,23.284200000000002,0.190875,2,8.07606,18.1835375,394.2875,"2,4"
159,2024-09-11 07:04:54.974,73.46900000000001,5.728583333333334,501.925,0.0,13.689750000000002,Σπετσοφάι με φασόλια γίγαντες,0.0,100,21.288249999999994,0.17433333333333334,3,7.040275000000001,13.689750000000002,324.5,"2,4"
146,2024-09-10 08:08:04.637,83.05426666666666,7.230241666666667,496.26525,0.0,10.263241666666667,Σπιτικά νιόκι με σάλτσα τομάτας,0.0,40,19.2814,0.2535833333333333,3,9.33507,10.263241666666667,485.575,"2,4"
217,2025-03-26 07:31:11.063,4.826666666666667,0.208125,177.1170833333333,0.0,3.921791666666667,Σπιτικά σνίτσελ κοτόπουλο,0.0,20,28.74766666666667,0.9064166666666668,6,0.08941666666666666,3.921791666666667,97.29166666666667,"2,4"
134,2024-09-06 14:09:45.796,57.06166666666667,0.3733333333333333,449.0641666666666,0.0,19.07833333333333,Τάρτα λεμονιού,0.0,15,12.607500000000002,0.013333333333333334,6,20.8,19.07833333333333,191.66666666666666,"1,3"
225,2024-09-18 12:03:26.471,2.5506875,0.523859375,202.12921875,0.0,11.650921875000002,Τζατζίκι,0.0,10,0.57390625,0.04890625,8,12.781884375000002,11.650921875000002,191.515625,"2,3,4"
165,2024-09-11 07:49:16.155,26.201133333333335,8.950058333333335,150.37741666666668,0.0,3.240725,Τηγανητές πιπεριές με σάλτσα,0.0,25,4.730366666666667,0.35841666666666666,3,17.32366,3.240725,461.89166666666665,"2,4"
160,2024-09-11 07:09:56.801,27.977125000000004,7.2233125,486.92474999999996,0.0,12.152687499999999,"Τηγανιά κοτόπουλο με σάλτσα κρασιού, μανιτάρια και πιπεριές",0.0,45,63.68933749999999,0.142125,4,10.62083125,12.152687499999999,544.275,"2,4"
194,2024-09-13 06:54:10.847,27.022935714285715,0.10207678571428572,267.1548392857143,0.0,14.001826785714286,Τηγανίτες γεμιστές με φέτα,0.0,40,7.584939285714286,0.0013749999999999997,14,2.0169532142857145,14.001826785714286,85.4875,"0,1,2,3,4"
193,2024-09-13 06:49:32.523,16.626433333333335,0.2016,283.2749333333333,0.0,23.230819999999998,Τηγανίτες γιαουρτιού με μέλι και κανέλα,0.0,45,1.3957799999999998,0.004708,15,10.997433333333333,23.230819999999998,56.76,"0,1,3"
192,2024-09-12 13:44:01.704,13.202128571428574,1.2831696428571429,131.39594642857145,0.0,6.22794107142857,Τηγανίτες πατάτας,0.0,45,5.749357142857143,0.05851785714285714,14,0.6627607142857144,6.22794107142857,87.51964285714284,"2,4"
95,2024-09-05 10:56:06.232,28.908466666666666,1.8655166666666665,379.622,0.0,22.144933333333327,Τόνος τηγανιά,0.0,20,14.485866666666668,0.06933333333333334,3,4.687576666666667,22.144933333333327,229.3083333333333,"2,4"
148,2024-09-10 08:44:55.848,51.73484999999999,0.8696375000000001,763.590875,0.0,45.336887499999996,Τορτελίνια με κρέμα γάλακτος,0.0,25,33.954525000000004,0.039624999999999994,2,5.108807499999999,45.336887499999996,326.0125,"2,4"
97,2024-09-05 10:55:48.939,48.385000000000005,15.502,544.12,0.0,30.919999999999998,Τορτίγια με αβοκάντο και τόνο,0.0,10,26.865,3.5425000000000004,1,12.870000000000001,30.919999999999998,562.0,"0,1,2,3,4"
262,2024-10-04 07:30:47.907,32.17,1.562,332.74,0.0,17.27,"Τορτίγια με κοτόπουλο, τομάτα και τυρί κρέμα",0.0,5,11.36,0.015,1,6.57,17.27,200.0,"0,1,2,3,4"
252,2024-10-03 10:25:11.623,24.3,3.2399999999999998,166.8,0.0,2.7600000000000002,Τοστ,0.0,5,9.48,0.0,1,1.56,2.7600000000000002,90.0,"0,1,3"
205,2024-09-13 13:52:47.629,25.857500000000005,3.1221875,319.62312499999996,0.0,12.4626875,Τοστ με αυγόφετες στο φούρνο,0.0,15,23.793999999999997,0.009624999999999998,2,3.4741250000000004,12.4626875,183.4375,"0,1,2,3,4"
298,2024-11-28 07:39:28.411,27.349999999999998,0.3,212.775,0.0,3.4250000000000003,Τοστ με ψωμί ζέας,0.0,5,16.5125,0.0,1,2.2325,3.4250000000000003,112.5,"0,1,3"
294,2025-01-10 12:36:31.208,24.900000000000002,3.2399999999999998,185.8,0.0,2.9600000000000004,Τοστ με ψωμί ολικής άλεσης ,0.0,5,13.18,0.0,1,1.6800000000000002,2.9600000000000004,110.0,"0,1,3"
295,2024-11-28 07:34:21.897,28.080000000000002,3.96,184.6,0.0,1.5799999999999998,Τοστ με ψωμί πολύσπορο,0.0,5,12.64,0.0,1,1.92,1.5799999999999998,110.0,"0,1,3"
293,2024-11-28 07:31:59.651,39.54,8.100000000000001,272.20000000000005,0.0,5.66,Τοστ με ψωμί σταρένιο,0.0,5,19.3,0.0,1,2.64,5.66,110.0,"0,1,3"
296,2024-11-28 07:37:56.632,9.857999999999999,0.3,147.58,0.0,7.063999999999999,Τοστ με ψωμί χωριάτικο,0.0,5,10.611999999999998,0.0,1,6.9,7.063999999999999,110.0,"0,1,3"
297,2024-11-28 07:38:48.314,35.220000000000006,1.56,303.4,0.0,8.9,Τοστ με ψωμί χωρίς γλουτένη,0.0,5,12.100000000000001,0.0,1,15.9,8.9,110.0,"0,1,3"
290,2024-10-18 07:24:50.882,62.5335,19.043187500000005,559.433125,0.0,25.088187500000004,Τουρλού Λαχανικών στο φούρνο,0.0,85,17.91025,0.654125,2,27.8589,25.088187500000004,1003.9375,"2,4"
54,2024-08-30 11:04:08.189,28.2375,2.0625,359.75,0.0,12.812500000000002,Τραχανάς γλυκός,0.0,20,4.7625,0.0,4,16.8625,12.812500000000002,175.0,"2,4"
55,2024-08-30 11:07:35.634,69.43645,9.959150000000001,799.93675,0.0,24.831400000000002,Τραχανάς ξινός,0.0,20,25.888675000000003,0.0,2,32.5002275,24.831400000000002,407.9625,"2,4"
180,2024-09-12 08:54:15.932,15.44735,3.891825,168.78649999999996,0.0,3.094575,Τσιπούρα με τομάτα και κρεμμύδι στο φούρνο,0.0,40,21.484025000000003,0.16275,2,7.3489325,3.094575,349.2,"2,4"
135,2024-09-07 08:07:48.214,2.7549900000000003,0.0,145.68220000000002,0.0,9.86369,Τυροκροκέτες,0.0,30,11.1394,0.0,10,0.70602,9.86369,69.4275,"2,3,4"
38,2024-08-29 11:28:20.499,27.592499999999998,0.0,273.74666666666667,0.0,12.93,Τυρόπιτα,0.0,45,12.24,0.0,12,2.9758333333333327,12.93,122.39583333333333,"0,1,2,3,4"
248,2024-09-20 09:05:44.914,17.942416666666663,0.29289583333333336,193.363125,0.0,8.158895833333334,Τυρόπιτα χωρίς φύλλο,0.0,10,11.588999999999999,0.004458333333333332,12,1.9204666666666668,8.158895833333334,108.3125,"0,1,2,3,4"
144,2024-09-10 07:38:51.904,46.1668,0.8446,388.22249999999997,0.0,15.540600000000001,Τυρόψωμο ολικής με ελιές και ρίγανη,0.0,60,14.8887,0.010499999999999999,10,1.45791,15.540600000000001,130.125,"0,1,2,3,4"
7,2024-09-04 12:15:53.375,83.1477,17.3879,569.6055,0.0,15.4514,Φάβα,0.0,35,17.70555,0.05,2,3.355915,15.4514,234.15,"2,4"
174,2024-09-12 07:18:56.012,81.48280000000001,8.939599999999999,808.982,0.0,39.670600000000015,Φακές με λουκάνικο,0.0,40,32.5362,0.096,1,12.020460000000002,39.670600000000015,378.6,"2,4"
75,2025-04-11 10:54:27.408,19.531399999999998,1.8208437499999999,244.7048125,0.0,22.002593750000003,Φακές σούπα,0.0,60,7.28475,2.3403125000000005,4,14.893654999999999,22.002593750000003,132.64375,"2,4"
74,2024-09-04 06:39:43.165,94.63584999999999,2.9789499999999998,898.94525,0.0,43.3967,Φακόρυζο,0.0,25,31.617025,0.051500000000000004,4,2.6581824999999997,43.3967,291.075,"2,4"
204,2024-09-13 13:47:10.384,77.89975,0.5918187500000001,589.9714375000001,0.0,0.8658937500000001,Φαλάφελ στο φούρνο,0.0,60,11.115762500000002,0.006812499999999999,4,1.16100375,0.8658937500000001,144.58124999999998,"2,4"
85,2024-09-04 08:56:27.273,30.29525,4.72425,275.51,0.0,11.329250000000002,Φασολάκια πράσινα λαδερά,0.0,45,14.07225,0.135,4,7.7083,11.329250000000002,447.09375,"2,4"
80,2024-09-04 07:30:53.241,10.61955,2.43885,223.13075000000003,0.0,16.751350000000002,Φασολάκια πράσινα σαλάτα,0.0,15,7.088075,0.0015,4,5.9982975,16.751350000000002,215.56875,"2,4"
220,2024-09-17 13:13:47.359,13.554400000000001,4.880674999999999,352.68974999999995,0.0,26.418675,Φασολάκια στον ατμό με καρύδια και μοτσαρέλα,0.0,20,21.048849999999998,4.68275,1,3.2062049999999997,26.418675,195.925,"2,4"
41,2024-08-29 13:38:37.883,110.29175000000001,6.58575,596.595,0.0,11.136750000000001,Φασόλια γίγαντες στο φούρνο,0.0,120,13.918250000000002,0.139,4,7.5958000000000006,11.136750000000001,392.6875,"2,4"
88,2024-10-03 13:36:15.936,32.010600000000004,4.2334499999999995,387.67274999999995,0.0,23.7137,Φασόλια μαυρομάτικα σαλάτα,0.0,40,11.326025000000001,0.13,4,4.4829325,23.7137,338.95,"2,3,4"
116,2024-09-06 07:45:52.668,16.94815,6.421925000000001,216.13100000000003,0.0,8.857550000000002,Φιλέτο σολομού με λαδολέμονο,0.0,45,15.155850000000001,0.02075,4,1.2427300000000001,8.857550000000002,187.26875,"2,4"
119,2024-09-06 08:11:11.867,12.660625,3.8275,336.91999999999996,0.0,22.9675,"Φριτάτα με σπανάκι, τυριά και μανιτάρια",0.0,45,21.794375,0.0775,4,4.220625,22.9675,332.96875,"2,4"
263,2024-10-04 10:09:35.726,72.574,6.571,449.94000000000005,0.0,13.934000000000001,Φρουτοσαλάτα ,0.0,10,11.742,0.131,1,53.730999999999995,13.934000000000001,442.0,"0,3"
299,2024-12-05 07:30:17.714,30.836,0.6280000000000001,159.10000000000002,0.0,3.0600000000000005,Φρυγανιές με ταχίνι και μέλι,0.0,5,2.982,0.0,1,14.614,3.0600000000000005,48.0,"0"
255,2024-10-03 10:58:51.452,68.6,2.5249999999999995,591.25,0.0,20.974999999999998,"Φυσικός χυμός με μήλο, αχλάδι, γάλα αμυγδάλου και πρωτεϊνη",0.0,5,32.6,0.6749999999999999,1,9.450000000000001,20.974999999999998,205.0,"0"
234,2024-09-19 06:50:21.697,65.40559999999999,1.167,301.6478,0.0,2.32336,Χαλβάς με σιμιγδάλι,0.0,20,4.35394,0.033904000000000004,10,39.44291,2.32336,85.38,"1,3"
190,2024-09-12 13:24:20.465,11.622375,1.4385624999999997,834.99125,0.0,70.45431249999999,Χοιρινή μπριζόλα με μέλι και μουστάρδα,0.0,70,35.82356250000001,0.014124999999999999,4,8.66045625,70.45431249999999,209.375,"2,4"
187,2024-09-12 09:51:45.479,16.760299999999997,2.794896875,530.8615312499999,0.0,36.759646874999994,Χοιρινό με πράσο,0.0,60,32.75401249999999,0.11990625,8,5.100747500000001,36.759646874999994,258.72187499999995,"2,4"
62,2024-09-05 10:55:11.674,43.65825000000001,8.34275,885.5712500000001,0.0,57.62749999999998,Χοιρινό στο φούρνο με πορτοκάλι,0.0,120,42.591625,0.34750000000000003,4,13.8479125,57.62749999999998,573.36875,"2,4"
136,2024-09-07 08:13:18.392,137.29264999999998,2.1700500000000003,1699.301,0.0,93.12304999999999,Χταπόδι με κοφτό μακαρονάκι,0.0,85,65.34635,0.0765,4,8.97898,93.12304999999999,734.64375,"2,4"
640,2025-05-21 11:07:02.635,53.12070000000001,3.550875,823.25625,0.0,53.096175,Χταπόδι στιφάδο,0.0,70,29.1442,2.0767700000000002,1,6.459615000000001,53.096175,540.425,"2,4"
58,2024-09-05 10:54:54.624,99.33569999999999,3.5749,523.1864999999999,0.0,8.580400000000001,Χυλοπίτες με παρμεζάνα,0.0,20,19.067050000000002,0.0,1,4.6333649999999995,8.580400000000001,170.05,"2,4"
291,2024-10-18 07:37:17.035,45.0335,8.6866875,694.3781250000001,0.0,43.67968750000001,Ψάρι με πράσο,0.0,60,6.2017500000000005,0.334625,2,11.76595,43.67968750000001,819.1875,"2,4"
47,2024-08-29 14:13:46.437,42.894666666666666,5.738333333333333,441.7249999999999,0.0,7.104166666666667,Ψαρόσουπα με ρύζι,0.0,90,50.515666666666654,0.23833333333333337,6,5.7431833333333335,7.104166666666667,516.8958333333334,"2,4"
649,2025-05-22 08:38:36.066,22.6487,8.839375,222.36724999999998,0.0,14.620375000000001,Ψητά λαχανικά,0.0,35,4.043,2.3052500000000005,1,13.259615000000002,14.620375000000001,390.525,"2,4"
125,2024-09-06 10:08:53.743,21.796925,7.03655,138.8245,0.0,5.207600000000001,Ψητά λαχανικά με βαλσάμικο,0.0,35,3.928075,0.325,4,15.1140475,5.207600000000001,360.69375,"2,4"
589,2025-01-17 13:04:56.619,16.880466666666667,6.481458333333332,185.19441666666663,0.0,11.261791666666667,Ψητά λαχανικά με φέτα και ρίγανη,0.0,40,6.7010000000000005,1.680416666666667,3,10.70366,11.261791666666667,317.72499999999997,"2,4"
286,2024-10-18 06:33:03.131,31.519891666666666,0.052908333333333335,157.80754166666665,0.0,0.9707,Ψωμί σπιτικό,0.0,120,5.131004166666667,0.008749999999999999,12,2.3434470833333334,0.9707,71.72083333333333,"0,1,2,3,4"
